,team,year,points_scored_gm,rush_yds_gm,pass_yds_gm,total_yds_gm,points_allowed_gm,rush_yds_allowed_gm,pass_yds_allowed_gm,yds_allowed_gm
0,Dallas Cowboys,2019,27.1,134.6,296.9,431.5,20.1,103.5,223.5,327.0
1,Baltimore Ravens,2019,33.2,206.0,201.6,407.6,17.6,93.4,207.2,300.6
2,Tampa Bay Buccaneers,2019,28.6,95.1,302.8,397.9,28.1,73.8,270.1,343.9
3,San Francisco 49ers,2019,29.9,144.1,237.0,381.1,19.4,112.6,169.2,281.8
4,Atlanta Falcons,2019,23.8,85.1,294.6,379.7,24.9,110.9,244.9,355.8
5,Kansas City Chiefs,2019,28.2,98.1,281.1,379.2,19.2,128.2,221.4,349.6
6,Los Angeles Rams,2019,24.6,93.7,281.2,374.9,22.8,113.1,226.6,339.6
7,Seattle Seahawks,2019,25.3,137.5,236.9,374.4,24.9,117.7,263.9,381.6
8,New Orleans Saints,2019,28.6,108.6,265.2,373.9,21.3,91.3,241.8,333.1
9,Los Angeles Chargers,2019,21.1,90.8,276.6,367.4,21.6,112.8,200.2,313.1
10,Oakland Raiders,2019,19.6,118.3,245.4,363.7,26.2,98.1,256.7,354.8
11,Tennessee Titans,2019,25.1,138.9,223.9,362.8,20.7,104.5,255.0,359.5
12,Houston Texans,2019,23.6,125.6,236.4,362.0,24.1,121.1,267.2,388.3
13,Philadelphia Eagles,2019,24.1,121.2,239.6,360.8,22.1,90.1,241.6,331.7
14,New England Patriots,2019,26.2,106.4,247.6,354.0,14.1,95.5,180.4,275.9
15,Minnesota Vikings,2019,25.4,133.3,220.2,353.5,18.9,108.0,233.6,341.6
16,Detroit Lions,2019,21.3,103.1,243.8,346.8,26.4,115.9,284.4,400.4
17,Green Bay Packers,2019,23.5,112.2,233.3,345.5,19.6,120.1,232.6,352.6
18,Carolina Panthers,2019,21.2,113.7,228.1,341.8,29.4,143.5,231.0,374.5
19,Jacksonville Jaguars,2019,18.8,106.8,235.0,341.8,24.8,139.3,236.1,375.4
20,Arizona Cardinals,2019,22.6,124.4,217.3,341.7,27.6,120.1,281.9,402.0
21,Cleveland Browns,2019,20.9,118.8,222.1,340.9,24.6,144.7,216.9,361.6
22,New York Giants,2019,21.3,105.3,233.2,338.5,28.2,113.2,264.1,377.3
23,Buffalo Bills,2019,19.6,128.4,201.8,330.2,16.2,103.1,195.2,298.2
24,Indianapolis Colts,2019,22.6,133.1,194.2,327.4,23.3,97.9,248.9,346.8
25,Cincinnati Bengals,2019,17.4,94.8,228.2,323.1,26.2,148.9,244.8,393.7
26,Miami Dolphins,2019,19.1,72.2,237.8,310.0,30.9,135.4,262.4,397.8
27,Denver Broncos,2019,17.6,103.9,194.7,298.6,19.8,111.4,225.6,337.0
28,Chicago Bears,2019,17.5,91.1,205.7,296.8,18.6,102.0,222.1,324.1
29,Pittsburgh Steelers,2019,18.1,90.4,186.3,276.8,18.9,109.6,194.6,304.1
30,Washington Redskins,2019,16.6,98.9,175.8,274.7,27.2,146.2,238.9,385.1
31,New York Jets,2019,17.2,78.6,194.4,273.0,22.4,86.9,236.2,323.1
0,Kansas City Chiefs,2018,35.3,115.9,309.7,425.6,26.3,132.1,273.4,405.5
1,Los Angeles Rams,2018,32.9,139.4,281.7,421.1,24.0,122.3,236.2,358.6
2,Tampa Bay Buccaneers,2018,24.8,95.2,320.3,415.5,29.0,123.9,259.4,383.4
3,Pittsburgh Steelers,2018,26.8,90.3,313.0,403.3,22.5,96.1,231.1,327.2
4,New England Patriots,2018,27.2,127.3,266.1,393.4,20.3,112.7,246.4,359.1
5,Atlanta Falcons,2018,25.9,98.3,290.8,389.1,26.4,124.9,259.6,384.5
6,Indianapolis Colts,2018,27.1,107.4,278.8,386.2,21.5,101.6,237.8,339.4
7,New Orleans Saints,2018,31.5,126.6,252.6,379.2,22.1,80.2,268.9,349.1
8,Baltimore Ravens,2018,24.3,152.6,222.4,374.9,17.9,82.9,210.0,292.9
9,Carolina Panthers,2018,23.5,133.5,239.8,373.2,23.9,112.8,240.4,353.2
10,Los Angeles Chargers,2018,26.8,117.1,255.6,372.6,20.6,105.8,227.9,333.7
11,Green Bay Packers,2018,23.5,104.2,264.9,369.1,25.0,119.9,234.5,354.4
12,Cleveland Browns,2018,22.4,118.3,250.4,368.8,24.5,135.2,257.8,393.0
13,Philadelphia Eagles,2018,22.9,98.1,267.2,365.3,21.8,96.9,269.2,366.2
14,Houston Texans,2018,25.1,126.3,236.3,362.6,19.8,82.7,260.4,343.1
15,San Francisco 49ers,2018,21.4,118.9,241.7,360.6,27.2,113.4,233.2,346.6
16,New York Giants,2018,23.1,103.1,252.9,356.1,25.8,118.6,252.8,371.4
17,Seattle Seahawks,2018,26.8,160.0,193.3,353.3,21.7,113.2,240.1,353.3
18,Denver Broncos,2018,20.6,119.2,230.9,350.1,21.8,119.6,245.6,365.1
19,Minnesota Vikings,2018,22.5,93.3,252.2,345.6,21.3,113.4,196.2,309.7
20,Chicago Bears,2018,26.3,121.1,222.8,343.9,17.7,80.0,219.7,299.7
21,Dallas Cowboys,2018,21.2,122.7,221.1,343.8,20.2,94.6,234.7,329.2
22,Oakland Raiders,2018,18.1,101.8,234.4,336.2,29.2,140.6,240.8,381.4
23,Detroit Lions,2018,20.2,103.8,223.5,327.2,22.5,110.1,224.9,335.0
24,Tennessee Titans,2018,19.4,126.4,185.9,312.4,18.9,116.4,216.9,333.4
25,Cincinnati Bengals,2018,23.0,105.1,205.6,310.8,28.4,137.8,275.9,413.6
26,Jacksonville Jaguars,2018,15.3,107.7,194.3,302.0,19.8,116.9,194.6,311.4
27,Washington Redskins,2018,17.6,110.9,188.8,299.7,22.4,116.2,237.1,353.4
28,New York Jets,2018,20.8,101.4,197.8,299.2,27.6,126.3,254.1,380.4
29,Buffalo Bills,2018,16.8,124.0,174.6,298.6,23.4,114.9,179.2,294.1
30,Miami Dolphins,2018,19.9,108.6,181.2,289.9,27.1,145.3,245.8,391.1
31,Arizona Cardinals,2018,14.1,83.9,157.7,241.6,26.6,154.9,203.9,358.8
0,New England Patriots,2017,28.6,118.1,276.1,394.2,18.5,114.8,251.2,366.0
1,New Orleans Saints,2017,28.0,129.4,261.8,391.2,20.4,111.7,224.8,336.5
2,Pittsburgh Steelers,2017,25.4,104.2,273.8,377.9,19.2,105.8,201.1,306.9
3,Los Angeles Chargers,2017,22.2,99.7,276.9,376.6,17.0,131.1,197.2,328.4
4,Kansas City Chiefs,2017,25.9,118.9,256.5,375.4,21.2,118.1,247.0,365.1
5,Jacksonville Jaguars,2017,26.1,141.4,224.6,365.9,16.8,116.2,169.9,286.1
6,Philadelphia Eagles,2017,28.6,132.2,233.6,365.8,18.4,79.2,227.3,306.5
7,Atlanta Falcons,2017,22.1,115.4,249.4,364.8,19.7,104.1,214.3,318.4
8,Tampa Bay Buccaneers,2017,20.9,90.6,272.9,363.5,23.9,117.5,260.6,378.1
9,Los Angeles Rams,2017,29.9,122.1,239.4,361.5,20.6,122.3,217.2,339.5
10,Minnesota Vikings,2017,23.9,122.3,234.6,356.9,15.8,83.6,192.4,275.9
11,San Francisco 49ers,2017,20.7,103.9,245.3,349.2,23.9,116.3,235.2,351.6
12,Detroit Lions,2017,25.6,76.3,261.4,337.8,23.5,112.5,243.2,355.8
13,Dallas Cowboys,2017,22.1,135.6,196.3,331.9,20.8,104.0,214.1,318.1
14,Seattle Seahawks,2017,22.9,101.8,228.6,330.4,20.8,114.0,209.2,323.2
15,Washington Redskins,2017,21.4,90.5,234.4,324.9,24.2,134.1,213.8,347.9
16,Denver Broncos,2017,18.1,115.8,208.3,324.1,23.9,89.4,200.6,290.0
17,Oakland Raiders,2017,18.8,97.1,226.9,324.1,23.3,108.9,241.1,350.1
18,Carolina Panthers,2017,22.7,131.4,192.3,323.7,20.4,88.1,229.1,317.1
19,Houston Texans,2017,21.1,115.1,204.9,320.0,27.2,109.2,237.4,346.6
20,New York Giants,2017,15.4,96.8,217.4,314.2,24.2,120.8,252.4,373.2
21,Arizona Cardinals,2017,18.4,86.6,227.5,314.1,22.6,89.6,221.3,310.9
22,Tennessee Titans,2017,20.9,114.6,199.4,314.0,22.2,88.8,239.2,328.0
23,Cleveland Browns,2017,14.6,107.1,201.8,308.9,25.6,97.9,230.2,328.1
24,Miami Dolphins,2017,17.6,86.8,220.9,307.7,24.6,110.5,225.2,335.7
25,Green Bay Packers,2017,20.0,107.8,197.9,305.7,24.0,112.1,236.8,348.9
26,Baltimore Ravens,2017,24.7,116.0,189.4,305.4,18.9,111.2,213.8,325.1
27,New York Jets,2017,18.6,106.4,198.9,305.2,23.9,117.9,234.3,352.2
28,Buffalo Bills,2017,18.9,126.1,176.6,302.6,22.4,124.6,230.5,355.1
29,Chicago Bears,2017,16.5,111.8,175.7,287.4,20.0,108.1,211.0,319.1
30,Indianapolis Colts,2017,16.4,103.8,180.8,284.6,25.2,120.4,246.6,367.1
31,Cincinnati Bengals,2017,18.1,85.4,195.1,280.5,21.8,127.9,211.2,339.1
0,New Orleans Saints,2016,29.3,108.9,317.1,426.0,28.4,101.6,273.8,375.4
1,Atlanta Falcons,2016,33.8,120.5,295.3,415.8,25.4,104.5,266.7,371.2
2,Washington Redskins,2016,24.8,106.0,297.4,403.4,23.9,119.8,258.1,377.9
3,New England Patriots,2016,27.6,117.0,269.2,386.2,15.6,88.6,237.9,326.4
4,Dallas Cowboys,2016,26.3,149.8,226.9,376.7,19.1,83.5,260.4,343.9
5,Oakland Raiders,2016,26.0,120.1,253.2,373.3,24.1,117.6,257.5,375.1
6,Pittsburgh Steelers,2016,24.9,110.0,262.6,372.6,20.4,100.0,242.6,342.6
7,Green Bay Packers,2016,27.0,106.3,262.4,368.8,24.2,94.7,269.2,363.9
8,Arizona Cardinals,2016,26.1,108.2,258.5,366.8,22.6,94.9,210.3,305.2
9,Indianapolis Colts,2016,25.7,101.8,262.6,364.4,24.5,120.4,262.5,382.9
10,Tennessee Titans,2016,23.8,136.7,221.3,358.0,23.6,88.3,269.2,357.5
11,Seattle Seahawks,2016,22.1,99.4,257.8,357.2,18.2,92.9,225.8,318.7
12,Cincinnati Bengals,2016,20.3,110.6,246.4,356.9,19.7,113.2,237.5,350.8
13,San Diego Chargers,2016,25.6,94.4,262.4,356.8,26.4,97.9,249.2,347.1
14,Chicago Bears,2016,17.4,108.4,248.1,356.5,24.9,121.9,224.9,346.8
15,Buffalo Bills,2016,24.9,164.4,189.8,354.1,23.6,133.1,223.9,357.0
16,Baltimore Ravens,2016,21.4,91.4,256.2,347.7,20.1,89.4,232.8,322.1
17,Tampa Bay Buccaneers,2016,22.1,101.0,245.4,346.4,23.1,117.2,250.8,367.9
18,Carolina Panthers,2016,23.1,113.4,230.3,343.7,25.1,91.6,268.2,359.8
19,Kansas City Chiefs,2016,24.3,109.2,233.8,343.0,19.4,121.1,247.4,368.5
20,Detroit Lions,2016,21.6,81.9,256.9,338.8,22.4,106.3,248.4,354.8
21,Philadelphia Eagles,2016,22.9,113.3,224.1,337.4,20.7,103.2,239.5,342.8
22,Jacksonville Jaguars,2016,19.9,101.9,233.0,334.9,25.0,106.4,215.2,321.7
23,Miami Dolphins,2016,22.7,114.0,218.8,332.8,23.8,140.4,242.2,382.6
24,New York Giants,2016,19.4,88.2,242.4,330.7,17.8,88.6,251.1,339.7
25,New York Jets,2016,17.2,112.6,216.6,329.2,25.6,98.8,243.6,342.4
26,Denver Broncos,2016,20.8,92.8,230.3,323.1,18.6,130.3,185.8,316.1
27,Minnesota Vikings,2016,20.4,75.3,239.8,315.1,19.2,106.9,207.9,314.9
28,Houston Texans,2016,17.4,116.2,198.5,314.7,20.5,99.7,201.6,301.3
29,Cleveland Browns,2016,16.5,107.0,204.0,311.0,28.2,142.7,249.8,392.4
30,San Francisco 49ers,2016,19.3,126.2,181.9,308.1,30.0,165.9,240.5,406.4
31,Los Angeles Rams,2016,14.0,78.2,184.4,262.7,24.6,103.8,233.2,337.0
0,Arizona Cardinals,2015,30.6,119.8,288.5,408.3,19.6,91.2,230.4,321.7
1,New Orleans Saints,2015,25.5,93.2,310.6,403.8,29.8,129.4,284.0,413.4
2,Pittsburgh Steelers,2015,26.4,107.8,287.7,395.4,19.9,91.2,271.9,363.1
3,Seattle Seahawks,2015,26.4,141.8,236.9,378.6,17.3,81.5,210.2,291.8
4,Tampa Bay Buccaneers,2015,21.4,135.1,240.8,375.9,26.1,100.4,240.0,340.4
5,New England Patriots,2015,29.1,87.8,286.7,374.4,19.7,98.8,240.7,339.4
6,Atlanta Falcons,2015,21.2,100.4,273.7,374.1,21.6,105.0,242.6,347.6
7,New York Giants,2015,26.2,100.6,271.4,372.0,27.6,121.4,298.9,420.3
8,San Diego Chargers,2015,20.0,84.9,286.9,371.8,24.9,125.3,236.6,361.9
9,New York Jets,2015,24.2,116.8,253.6,370.3,19.6,83.4,235.2,318.6
10,Carolina Panthers,2015,31.2,142.6,224.3,366.9,19.2,88.4,234.5,322.9
11,Philadelphia Eagles,2015,23.6,108.9,255.4,364.4,26.9,134.6,267.1,401.6
12,Buffalo Bills,2015,23.7,152.0,208.9,360.9,22.4,108.1,248.2,356.4
13,Baltimore Ravens,2015,20.5,92.4,266.9,359.3,25.1,103.8,233.6,337.4
14,Cincinnati Bengals,2015,26.2,112.8,245.2,358.0,17.4,92.3,248.5,340.8
15,Denver Broncos,2015,22.2,107.4,248.1,355.5,18.5,83.6,199.6,283.1
16,Washington Redskins,2015,24.2,97.9,255.9,353.8,23.7,122.6,258.0,380.6
17,Jacksonville Jaguars,2015,23.5,92.1,256.8,348.8,28.0,106.8,268.2,375.0
18,Houston Texans,2015,21.2,108.2,239.6,347.8,19.6,99.8,210.4,310.2
19,Detroit Lions,2015,22.4,83.4,263.2,346.7,25.0,113.0,236.6,349.6
20,Chicago Bears,2015,20.9,115.9,228.8,344.6,24.8,120.9,224.6,345.4
21,Dallas Cowboys,2015,17.2,118.1,216.9,335.1,23.4,120.9,227.0,347.9
22,Green Bay Packers,2015,23.0,115.6,218.9,334.6,20.2,119.1,227.6,346.7
23,Oakland Raiders,2015,22.4,91.1,242.4,333.5,24.9,104.9,258.8,363.6
24,Cleveland Browns,2015,17.4,95.6,236.4,331.9,27.0,128.4,250.8,379.2
25,Miami Dolphins,2015,19.4,93.5,238.2,331.7,24.3,126.2,250.0,376.2
26,Kansas City Chiefs,2015,25.3,127.8,203.4,331.2,17.9,98.2,231.1,329.3
27,Indianapolis Colts,2015,20.8,89.9,231.5,321.4,25.5,122.0,257.1,379.1
28,Minnesota Vikings,2015,22.8,138.2,183.0,321.2,18.9,109.2,234.9,344.2
29,Tennessee Titans,2015,18.7,92.8,218.9,311.8,26.4,112.3,229.9,342.2
30,San Francisco 49ers,2015,14.9,96.5,207.2,303.8,24.2,126.2,261.2,387.4
31,St. Louis Rams,2015,17.5,122.2,175.3,297.6,20.6,113.8,254.1,367.8
0,New Orleans Saints,2014,25.1,113.6,297.8,411.4,26.5,132.8,251.2,384.0
1,Pittsburgh Steelers,2014,27.2,109.5,301.6,411.1,23.0,100.3,253.1,353.4
2,Indianapolis Colts,2014,28.6,100.8,305.9,406.6,23.1,113.4,229.3,342.7
3,Denver Broncos,2014,30.1,111.6,291.3,402.9,22.1,79.8,225.4,305.2
4,Philadelphia Eagles,2014,29.6,124.5,272.2,396.8,25.0,110.7,264.9,375.6
5,Green Bay Packers,2014,30.4,119.8,266.3,386.1,21.8,119.9,226.4,346.4
6,Dallas Cowboys,2014,29.2,147.1,236.5,383.6,22.0,103.1,251.9,355.1
7,Atlanta Falcons,2014,23.8,93.6,284.6,378.2,26.1,118.4,279.9,398.2
8,Seattle Seahawks,2014,24.6,172.6,203.1,375.8,15.9,81.5,185.6,267.1
9,New York Giants,2014,23.8,100.2,267.0,367.2,25.0,135.1,240.6,375.8
10,New England Patriots,2014,29.2,107.9,257.6,365.5,19.6,104.3,239.8,344.1
11,Baltimore Ravens,2014,25.6,126.2,238.7,364.9,18.9,88.2,248.7,336.9
12,Washington Redskins,2014,18.8,105.7,252.9,358.6,27.4,107.6,249.4,357.0
13,Miami Dolphins,2014,24.2,117.0,233.1,350.1,23.3,121.1,222.3,343.4
14,Cincinnati Bengals,2014,22.8,134.2,213.8,348.0,21.5,116.3,243.0,359.3
15,Carolina Panthers,2014,21.2,127.2,219.4,346.7,23.4,112.0,227.8,339.8
16,Houston Texans,2014,23.2,135.1,209.5,344.6,19.2,105.1,243.1,348.2
17,San Diego Chargers,2014,21.8,85.4,256.1,341.6,21.8,124.1,214.2,338.3
18,Detroit Lions,2014,20.1,88.9,251.9,340.8,17.6,69.3,231.6,300.9
19,San Francisco 49ers,2014,19.1,136.0,191.4,327.4,21.2,100.8,220.7,321.4
20,Chicago Bears,2014,19.9,90.1,237.0,327.1,27.6,112.7,264.4,377.1
21,New York Jets,2014,17.7,142.5,184.1,326.6,25.1,93.1,234.1,327.2
22,Cleveland Browns,2014,18.7,108.0,216.6,324.6,21.1,141.6,224.5,366.1
23,Arizona Cardinals,2014,19.4,81.8,238.0,319.8,18.7,108.7,259.5,368.2
24,Kansas City Chiefs,2014,22.1,119.9,198.9,318.8,17.6,127.2,203.2,330.5
25,Buffalo Bills,2014,21.4,92.6,225.9,318.5,18.1,106.4,205.8,312.2
26,Minnesota Vikings,2014,20.3,112.8,202.8,315.5,21.4,121.4,223.2,344.7
27,St. Louis Rams,2014,20.2,102.2,212.5,314.7,22.1,110.3,241.3,351.6
28,Tennessee Titans,2014,15.9,90.4,213.2,303.7,27.4,137.2,235.8,373.0
29,Tampa Bay Buccaneers,2014,17.3,85.9,206.1,292.0,25.6,113.7,255.2,368.9
30,Jacksonville Jaguars,2014,15.6,102.1,187.6,289.6,25.8,127.1,243.7,370.8
31,Oakland Raiders,2014,15.8,77.5,204.7,282.2,28.2,119.4,238.1,357.6
0,Denver Broncos,2013,37.9,117.1,340.2,457.3,24.9,101.6,254.4,356.0
1,Philadelphia Eagles,2013,27.6,160.4,256.9,417.2,23.9,104.2,289.8,394.0
2,Green Bay Packers,2013,26.1,133.5,266.8,400.2,26.8,125.0,247.2,372.2
3,New Orleans Saints,2013,25.9,92.1,307.4,399.4,19.0,111.6,194.1,305.7
4,San Diego Chargers,2013,24.8,122.8,270.5,393.3,21.8,107.8,258.7,366.5
5,Detroit Lions,2013,24.7,112.0,280.1,392.1,23.5,99.8,246.9,346.6
6,New England Patriots,2013,27.8,129.1,255.4,384.5,21.1,134.1,239.0,373.1
7,Chicago Bears,2013,27.8,114.2,267.6,381.8,29.9,161.4,233.1,394.6
8,Washington Redskins,2013,20.9,135.2,234.4,369.7,29.9,110.6,243.5,354.1
9,Cincinnati Bengals,2013,26.9,109.7,258.5,368.2,19.1,96.5,209.0,305.5
10,Houston Texans,2013,17.2,108.9,238.3,347.2,26.8,122.4,195.2,317.6
11,Arizona Cardinals,2013,23.7,96.2,250.1,346.4,20.2,84.4,233.0,317.4
12,Minnesota Vikings,2013,24.4,130.1,214.2,344.2,30.0,110.4,287.2,397.6
13,Atlanta Falcons,2013,22.1,77.9,265.2,343.1,27.7,135.8,243.6,379.4
14,Indianapolis Colts,2013,24.4,108.9,232.8,341.8,21.0,125.1,231.9,357.1
15,Dallas Cowboys,2013,27.4,94.0,247.1,341.1,27.0,128.5,286.8,415.3
16,Cleveland Browns,2013,19.2,86.4,252.9,339.4,25.4,111.3,221.1,332.4
17,Seattle Seahawks,2013,26.1,136.8,202.2,339.0,14.4,101.6,172.0,273.6
18,Buffalo Bills,2013,21.2,144.2,193.9,338.1,24.2,128.9,204.4,333.4
19,Pittsburgh Steelers,2013,23.7,86.4,251.1,337.5,23.1,115.6,222.1,337.6
20,Kansas City Chiefs,2013,26.9,128.5,208.8,337.2,19.1,120.2,247.6,367.8
21,Tennessee Titans,2013,22.6,118.4,218.5,336.9,23.8,112.2,225.8,337.9
22,Oakland Raiders,2013,20.1,125.0,208.8,333.8,28.3,107.9,255.8,363.7
23,San Francisco 49ers,2013,25.4,137.6,186.2,323.8,17.0,95.9,221.0,316.9
24,New York Jets,2013,18.1,134.9,183.2,318.1,24.2,88.2,246.7,334.9
25,Carolina Panthers,2013,22.9,126.6,190.2,316.8,15.1,86.9,214.3,301.2
26,Miami Dolphins,2013,19.8,90.0,222.9,312.9,20.9,124.9,234.5,359.4
27,New York Giants,2013,18.4,83.2,224.2,307.5,23.9,108.9,223.3,332.2
28,Baltimore Ravens,2013,20.0,83.0,224.4,307.4,22.0,105.4,230.1,335.5
29,St. Louis Rams,2013,21.8,109.5,195.3,304.8,22.8,102.9,242.1,345.0
30,Jacksonville Jaguars,2013,15.4,78.8,215.1,293.8,28.1,131.8,247.6,379.4
31,Tampa Bay Buccaneers,2013,18.0,100.8,176.2,277.0,24.3,110.1,237.9,348.0
0,New England Patriots,2012,34.8,136.5,291.4,427.9,20.7,101.9,271.4,373.2
1,New Orleans Saints,2012,28.8,98.6,312.3,410.9,28.4,147.6,292.6,440.1
2,Detroit Lions,2012,23.2,100.8,307.9,408.8,27.3,118.1,223.1,341.1
3,Denver Broncos,2012,30.1,114.5,283.4,397.9,18.1,91.1,199.6,290.8
4,Washington Redskins,2012,27.2,169.3,213.9,383.2,24.2,95.8,281.9,377.7
5,Dallas Cowboys,2012,23.5,79.1,295.6,374.6,25.0,125.2,230.2,355.4
6,Houston Texans,2012,26.0,132.7,239.4,372.1,20.7,97.5,225.8,323.2
7,Atlanta Falcons,2012,26.2,87.3,281.8,369.1,18.7,123.2,242.4,365.6
8,Tampa Bay Buccaneers,2012,24.3,114.8,248.9,363.8,24.6,82.5,297.4,379.9
9,Indianapolis Colts,2012,22.3,104.4,258.0,362.4,24.2,137.5,236.8,374.2
10,San Francisco 49ers,2012,24.8,155.7,206.1,361.8,17.1,94.2,200.2,294.4
11,Carolina Panthers,2012,22.3,130.5,230.2,360.7,22.7,110.1,223.0,333.1
12,Green Bay Packers,2012,27.1,106.4,253.1,359.4,21.0,118.5,218.2,336.8
13,New York Giants,2012,26.8,116.4,239.1,355.4,21.5,129.1,254.2,383.4
14,Philadelphia Eagles,2012,17.5,117.1,236.9,354.1,27.8,126.3,216.9,343.2
15,Baltimore Ravens,2012,24.9,118.8,233.7,352.5,21.5,122.8,228.1,350.9
16,Seattle Seahawks,2012,25.8,161.2,189.4,350.6,15.3,103.1,203.1,306.2
17,Oakland Raiders,2012,18.1,88.8,255.2,344.0,27.7,118.6,235.9,354.5
18,Buffalo Bills,2012,21.5,138.6,204.3,342.9,27.2,145.8,217.1,362.9
19,Minnesota Vikings,2012,23.7,164.6,171.9,336.6,21.8,105.8,244.2,350.0
20,Pittsburgh Steelers,2012,21.0,96.1,236.7,332.8,19.6,90.6,185.2,275.8
21,Cincinnati Bengals,2012,24.4,109.1,223.6,332.7,20.0,107.2,212.5,319.7
22,St. Louis Rams,2012,18.7,107.1,221.9,329.0,21.8,117.5,225.1,342.6
23,Kansas City Chiefs,2012,13.2,149.7,169.6,319.2,26.6,135.7,220.8,356.5
24,Cleveland Browns,2012,18.9,99.6,214.7,314.2,23.0,118.6,245.2,363.8
25,Tennessee Titans,2012,20.6,105.4,207.7,313.1,29.4,127.2,247.8,374.9
26,Miami Dolphins,2012,18.0,112.6,198.9,311.5,19.8,108.4,248.4,356.8
27,Chicago Bears,2012,23.4,123.1,187.4,310.6,17.3,101.7,213.9,315.6
28,Jacksonville Jaguars,2012,15.9,85.6,213.7,299.2,27.8,141.0,239.5,380.5
29,New York Jets,2012,17.6,118.5,180.7,299.2,23.4,133.6,189.8,323.4
30,San Diego Chargers,2012,21.9,91.3,205.9,297.2,21.9,96.4,230.1,326.4
31,Arizona Cardinals,2012,15.6,75.2,187.8,263.1,22.3,137.0,200.8,337.8
0,New Orleans Saints,2011,34.2,132.9,334.2,467.1,21.2,108.6,259.8,368.4
1,New England Patriots,2011,32.1,110.2,317.8,428.0,21.4,117.1,293.9,411.1
2,Green Bay Packers,2011,35.0,97.4,307.8,405.1,22.4,111.8,299.8,411.6
3,Philadelphia Eagles,2011,24.8,142.2,256.9,399.1,20.5,112.6,212.3,324.9
4,Detroit Lions,2011,29.6,95.2,300.9,396.1,24.2,128.1,239.4,367.6
5,San Diego Chargers,2011,25.4,116.5,276.6,393.1,23.6,122.2,224.4,346.6
6,Carolina Panthers,2011,25.4,150.5,239.3,389.8,26.8,130.8,246.8,377.6
7,New York Giants,2011,24.6,89.2,295.9,385.1,25.0,121.2,255.1,376.4
8,Oakland Raiders,2011,22.4,131.9,247.6,379.5,27.1,136.1,251.4,387.6
9,Atlanta Falcons,2011,25.1,114.6,262.0,376.6,21.9,97.0,236.6,333.6
10,Dallas Cowboys,2011,23.1,112.9,262.6,375.5,21.7,99.1,244.1,343.2
11,Pittsburgh Steelers,2011,20.3,118.9,253.4,372.3,14.2,99.8,171.9,271.8
12,Houston Texans,2011,23.8,153.0,219.1,372.1,17.4,96.0,189.7,285.7
13,Buffalo Bills,2011,23.2,120.1,231.4,351.5,27.1,139.0,232.1,371.1
14,Baltimore Ravens,2011,23.6,124.8,213.9,338.7,16.6,92.6,196.2,288.9
15,Washington Redskins,2011,18.0,100.9,235.8,336.7,22.9,117.8,222.1,339.8
16,Tennessee Titans,2011,20.3,89.9,245.2,335.1,19.8,128.3,226.8,355.1
17,Minnesota Vikings,2011,21.2,144.9,184.8,329.7,28.1,107.0,251.2,358.2
18,Arizona Cardinals,2011,19.5,101.6,222.9,324.5,21.8,124.1,231.0,355.1
19,Cincinnati Bengals,2011,21.5,111.1,208.8,319.9,20.2,104.7,211.6,316.2
20,Tampa Bay Buccaneers,2011,17.9,91.1,228.1,319.2,30.9,156.1,238.4,394.4
21,Miami Dolphins,2011,20.6,124.2,193.2,317.4,19.6,95.6,249.5,345.1
22,Denver Broncos,2011,19.3,164.5,152.1,316.6,24.4,126.3,231.5,357.8
23,Chicago Bears,2011,22.1,125.9,188.2,314.1,21.3,96.4,254.1,350.4
24,New York Jets,2011,23.6,105.8,206.1,311.8,22.7,111.1,201.0,312.1
25,San Francisco 49ers,2011,23.8,127.8,183.1,310.9,14.3,77.2,230.9,308.2
26,Kansas City Chiefs,2011,13.2,118.3,192.5,310.8,21.1,132.0,201.3,333.3
27,Seattle Seahawks,2011,20.1,109.8,194.1,303.8,19.7,112.3,219.9,332.2
28,Cleveland Browns,2011,13.6,95.7,193.1,288.8,19.2,147.4,184.9,332.4
29,Indianapolis Colts,2011,15.2,99.6,187.2,286.8,26.9,143.9,227.0,370.9
30,St. Louis Rams,2011,12.1,104.2,179.4,283.6,25.4,152.1,206.3,358.4
31,Jacksonville Jaguars,2011,15.2,123.1,136.2,259.3,20.6,104.2,208.8,313.0
0,San Diego Chargers,2010,27.6,113.1,282.4,395.6,20.1,93.8,177.8,271.6
1,Philadelphia Eagles,2010,27.4,145.2,244.1,389.4,23.6,110.4,216.8,327.2
2,Houston Texans,2010,24.4,127.6,259.0,386.6,26.7,109.4,267.5,376.9
3,Indianapolis Colts,2010,27.2,92.7,288.1,380.8,24.2,127.0,214.6,341.6
4,New York Giants,2010,24.6,137.5,242.8,380.3,21.7,101.2,209.5,310.8
5,New Orleans Saints,2010,24.0,94.9,277.6,372.5,19.2,112.3,193.9,306.2
6,Dallas Cowboys,2010,24.6,111.6,252.6,364.2,27.2,108.4,243.4,351.8
7,New England Patriots,2010,32.4,123.3,240.4,363.8,19.6,108.0,258.5,366.5
8,Green Bay Packers,2010,24.2,100.4,257.8,358.1,15.0,114.9,194.2,309.1
9,Oakland Raiders,2010,25.6,155.9,198.8,354.6,23.2,133.6,189.2,322.8
10,New York Jets,2010,22.9,148.4,202.6,351.0,19.0,90.9,200.6,291.5
11,Kansas City Chiefs,2010,22.9,164.2,185.5,349.7,20.4,110.2,219.9,330.2
12,Denver Broncos,2010,21.5,96.5,252.4,348.9,29.4,154.6,236.2,390.8
13,Pittsburgh Steelers,2010,23.4,120.2,225.1,345.3,14.5,62.8,214.1,276.8
14,Jacksonville Jaguars,2010,22.1,149.7,191.6,341.2,26.2,121.6,250.2,371.8
15,Atlanta Falcons,2010,25.9,118.2,222.9,341.1,18.0,105.9,226.6,332.4
16,Detroit Lions,2010,22.6,100.8,238.1,338.9,23.1,124.9,218.6,343.6
17,Washington Redskins,2010,18.9,91.3,244.6,335.9,23.6,127.6,261.7,389.2
18,Tampa Bay Buccaneers,2010,21.3,125.1,210.1,335.1,19.9,131.7,201.0,332.7
19,Cincinnati Bengals,2010,20.1,95.1,235.4,330.6,24.7,115.2,216.8,332.0
20,Miami Dolphins,2010,17.1,102.7,220.4,323.1,20.8,100.1,209.2,309.3
21,Baltimore Ravens,2010,22.3,114.4,208.4,322.9,16.9,93.9,224.9,318.9
22,Minnesota Vikings,2010,17.6,121.4,193.6,314.9,21.8,102.2,210.4,312.6
23,San Francisco 49ers,2010,19.1,103.6,209.8,313.3,21.6,96.7,231.1,327.8
24,Buffalo Bills,2010,17.7,107.5,197.4,304.9,26.6,169.6,192.0,361.6
25,St. Louis Rams,2010,18.1,98.6,204.2,302.9,20.5,113.1,223.6,336.8
26,Tennessee Titans,2010,22.2,107.9,194.2,302.1,21.2,115.7,252.0,367.7
27,Seattle Seahawks,2010,19.4,89.0,208.8,297.8,25.4,118.9,249.6,368.6
28,Cleveland Browns,2010,16.9,102.9,186.8,289.7,20.8,129.4,220.7,350.1
29,Chicago Bears,2010,20.9,101.0,188.4,289.4,17.9,90.1,224.2,314.3
30,Arizona Cardinals,2010,18.1,86.8,182.6,269.3,27.1,145.2,228.4,373.6
31,Carolina Panthers,2010,12.2,115.4,143.1,258.4,25.5,123.8,212.1,335.9
0,New Orleans Saints,2009,31.9,131.6,272.2,403.8,21.3,122.2,235.6,357.8
1,Dallas Cowboys,2009,22.6,131.4,267.9,399.4,15.6,90.5,225.4,315.9
2,New England Patriots,2009,26.7,120.1,277.2,397.3,17.8,110.5,209.7,320.2
3,Houston Texans,2009,24.2,92.2,290.9,383.1,20.8,106.9,217.9,324.9
4,Minnesota Vikings,2009,29.4,119.9,259.8,379.6,19.5,87.1,218.4,305.5
5,Green Bay Packers,2009,28.8,117.8,261.2,379.1,18.6,83.3,201.1,284.4
6,Pittsburgh Steelers,2009,23.0,112.1,259.2,371.3,20.2,89.9,215.4,305.3
7,New York Giants,2009,25.1,114.8,251.2,366.0,26.7,110.8,214.1,324.9
8,Indianapolis Colts,2009,26.0,80.9,282.2,363.1,19.2,126.5,212.7,339.2
9,San Diego Chargers,2009,28.4,88.9,271.1,360.1,20.0,117.8,209.2,327.0
10,Philadelphia Eagles,2009,26.8,102.3,255.6,357.9,21.1,104.7,216.4,321.1
11,Tennessee Titans,2009,22.1,162.0,189.4,351.4,25.1,106.9,258.7,365.6
12,Baltimore Ravens,2009,24.4,137.5,213.7,351.2,16.3,93.2,207.2,300.5
13,Arizona Cardinals,2009,23.4,93.4,251.0,344.4,20.3,112.8,233.7,346.4
14,Denver Broncos,2009,20.4,114.8,226.7,341.4,20.2,128.7,186.3,315.0
15,Atlanta Falcons,2009,22.7,117.2,223.2,340.4,20.3,106.9,241.9,348.9
16,Miami Dolphins,2009,22.5,139.4,198.1,337.6,24.4,114.7,234.6,349.3
17,Jacksonville Jaguars,2009,18.1,126.8,209.8,336.6,23.8,116.4,235.9,352.3
18,Carolina Panthers,2009,19.7,156.1,174.9,331.1,19.2,124.8,191.0,315.8
19,New York Jets,2009,21.8,172.2,148.8,321.0,14.8,98.6,153.7,252.3
20,Seattle Seahawks,2009,17.5,97.9,218.9,316.8,24.4,111.0,245.4,356.4
21,Washington Redskins,2009,16.6,94.4,218.1,312.5,21.0,112.4,207.2,319.7
22,Chicago Bears,2009,20.4,93.2,217.1,310.3,23.4,126.4,211.4,337.8
23,Cincinnati Bengals,2009,19.1,128.5,180.6,309.1,18.2,98.3,203.1,301.4
24,Kansas City Chiefs,2009,18.4,120.6,182.6,303.2,26.5,156.5,231.7,388.2
25,Detroit Lions,2009,16.4,101.0,198.0,299.0,30.9,126.6,265.6,392.1
26,San Francisco 49ers,2009,20.6,100.0,190.8,290.8,17.6,97.0,229.4,326.4
27,Tampa Bay Buccaneers,2009,15.2,101.7,185.8,287.5,25.0,158.2,207.4,365.6
28,St. Louis Rams,2009,10.9,111.5,167.9,279.4,27.2,137.6,235.2,372.8
29,Buffalo Bills,2009,16.1,116.7,157.2,273.9,20.4,156.3,184.2,340.6
30,Oakland Raiders,2009,12.3,106.3,159.8,266.1,23.7,155.5,206.4,361.9
31,Cleveland Browns,2009,15.3,130.4,129.8,260.2,23.4,144.6,244.7,389.3
0,New Orleans Saints,2008,28.9,99.6,311.1,410.7,24.6,117.8,221.7,339.5
1,Denver Broncos,2008,23.1,116.4,279.4,395.8,28.0,146.1,228.5,374.6
2,Houston Texans,2008,22.9,115.4,266.7,382.1,24.6,122.6,213.9,336.6
3,Arizona Cardinals,2008,26.7,73.6,292.1,365.8,26.6,110.2,221.2,331.5
4,New England Patriots,2008,25.6,142.4,223.1,365.4,19.3,107.6,201.4,309.0
5,Atlanta Falcons,2008,24.4,152.7,208.5,361.2,20.3,127.9,220.4,348.2
6,New York Giants,2008,26.7,157.4,198.6,355.9,18.4,95.8,196.2,292.0
7,Green Bay Packers,2008,26.2,112.8,238.3,351.1,23.8,131.6,202.8,334.3
8,Philadelphia Eagles,2008,26.0,106.1,244.4,350.5,18.1,92.2,182.1,274.3
9,Carolina Panthers,2008,25.9,152.3,197.4,349.7,20.6,119.5,211.7,331.2
10,San Diego Chargers,2008,27.4,107.9,241.1,349.0,21.7,102.6,247.4,349.9
11,Miami Dolphins,2008,21.6,118.6,227.0,345.6,19.8,101.2,227.8,329.0
12,Dallas Cowboys,2008,22.6,107.7,236.8,344.5,22.8,106.6,187.7,294.3
13,Tampa Bay Buccaneers,2008,22.6,114.8,226.2,341.0,20.2,118.8,187.3,306.1
14,Indianapolis Colts,2008,23.6,79.6,255.9,335.5,18.6,122.9,188.1,310.9
15,New York Jets,2008,25.3,125.2,206.4,331.7,22.2,94.9,234.5,329.4
16,Minnesota Vikings,2008,23.7,146.1,184.8,330.9,20.8,76.9,215.6,292.4
17,Baltimore Ravens,2008,24.1,148.5,175.5,324.0,15.2,81.4,179.7,261.1
18,Washington Redskins,2008,16.6,130.9,189.1,320.0,18.5,95.4,193.4,288.8
19,Jacksonville Jaguars,2008,18.9,110.9,208.2,319.1,22.9,106.8,224.1,330.9
20,Tennessee Titans,2008,23.4,137.4,176.2,313.6,14.6,93.9,199.8,293.6
21,Pittsburgh Steelers,2008,21.7,105.6,206.3,311.9,13.9,80.2,156.9,237.2
22,San Francisco 49ers,2008,21.2,99.9,211.2,311.1,23.8,106.8,219.2,326.0
23,Kansas City Chiefs,2008,18.2,113.1,195.6,308.7,27.5,158.9,234.2,393.2
24,Buffalo Bills,2008,21.0,115.1,190.0,305.1,21.4,121.6,204.4,326.1
25,Chicago Bears,2008,23.4,104.6,191.3,295.9,21.9,93.5,241.2,334.7
26,St. Louis Rams,2008,14.5,103.1,184.2,287.2,29.1,154.7,217.2,371.9
27,Seattle Seahawks,2008,18.4,110.5,163.6,274.1,24.5,118.7,259.3,378.0
28,Oakland Raiders,2008,16.4,124.2,148.1,272.2,24.2,159.7,201.2,360.9
29,Detroit Lions,2008,16.8,83.2,185.0,268.2,32.3,172.1,232.2,404.4
30,Cleveland Browns,2008,14.5,100.3,148.8,249.1,21.9,151.9,204.6,356.5
31,Cincinnati Bengals,2008,12.8,95.0,150.4,245.4,22.8,120.1,205.4,325.5
0,New England Patriots,2007,36.8,115.6,295.7,411.2,17.1,98.2,190.1,288.3
1,Green Bay Packers,2007,27.2,99.8,270.9,370.7,18.2,102.9,210.4,313.3
2,Dallas Cowboys,2007,28.4,109.1,256.6,365.7,20.3,94.6,213.1,307.6
3,New Orleans Saints,2007,23.7,91.6,269.6,361.2,24.2,102.9,245.2,348.1
4,Indianapolis Colts,2007,28.1,106.6,252.1,358.7,16.4,106.9,172.8,279.7
5,Philadelphia Eagles,2007,21.0,123.4,234.7,358.1,18.8,95.8,215.6,311.4
6,Jacksonville Jaguars,2007,25.7,149.4,208.0,357.4,19.0,100.3,213.5,313.8
7,Cleveland Browns,2007,25.1,118.4,232.9,351.3,23.9,129.5,230.1,359.6
8,Seattle Seahawks,2007,24.6,101.2,247.8,348.9,18.2,102.8,219.1,321.8
9,Cincinnati Bengals,2007,23.8,97.2,250.8,348.0,24.1,118.3,230.4,348.8
10,Denver Broncos,2007,20.0,122.3,224.0,346.3,25.6,142.6,193.4,336.0
11,Arizona Cardinals,2007,25.2,90.0,254.1,344.1,24.9,97.9,232.2,330.2
12,Minnesota Vikings,2007,22.8,164.6,171.6,336.2,19.4,74.1,264.1,338.1
13,Houston Texans,2007,23.7,99.1,234.4,333.6,24.0,114.1,230.1,344.2
14,Washington Redskins,2007,20.9,116.9,216.4,333.4,19.4,91.2,214.0,305.2
15,New York Giants,2007,23.3,134.2,197.1,331.4,21.9,97.7,207.3,305.0
16,Pittsburgh Steelers,2007,24.6,135.5,191.9,327.4,16.8,89.9,176.5,266.4
17,Tampa Bay Buccaneers,2007,20.9,117.0,209.8,326.8,16.9,107.9,170.5,278.4
18,Detroit Lions,2007,21.6,80.5,242.4,322.9,27.8,119.4,258.2,377.6
19,San Diego Chargers,2007,25.8,127.4,187.8,315.2,17.8,107.0,213.2,320.2
20,Tennessee Titans,2007,18.8,131.8,179.9,311.7,18.6,92.4,199.2,291.6
21,Baltimore Ravens,2007,17.2,112.3,189.7,302.0,24.0,79.2,222.3,301.6
22,Atlanta Falcons,2007,16.2,95.0,206.0,301.0,25.9,127.1,228.4,355.5
23,St. Louis Rams,2007,16.4,95.4,202.1,297.5,27.4,115.2,225.8,341.1
24,Oakland Raiders,2007,17.7,130.4,164.4,294.8,24.9,145.9,195.8,341.6
25,New York Jets,2007,16.8,106.3,188.4,294.7,22.2,134.8,197.1,331.9
26,Chicago Bears,2007,20.9,83.1,210.1,293.2,21.8,122.9,231.8,354.7
27,Miami Dolphins,2007,16.7,98.1,189.4,287.5,27.3,153.5,188.7,342.2
28,Carolina Panthers,2007,16.7,114.0,170.9,284.9,21.7,110.7,214.1,324.8
29,Buffalo Bills,2007,15.8,112.5,164.6,277.1,22.1,124.6,238.4,362.9
30,Kansas City Chiefs,2007,14.1,78.0,198.8,276.8,20.9,130.6,188.9,319.4
31,San Francisco 49ers,2007,13.7,92.3,145.0,237.3,22.8,118.5,227.7,346.2
0,New Orleans Saints,2006,25.8,110.1,281.4,391.5,20.1,128.9,178.4,307.3
1,Philadelphia Eagles,2006,24.9,124.0,257.4,381.4,20.5,136.4,191.7,328.1
2,Indianapolis Colts,2006,26.7,110.1,269.2,379.4,22.5,173.0,159.2,332.2
3,San Diego Chargers,2006,30.8,161.1,203.9,365.0,18.9,100.8,200.8,301.6
4,Dallas Cowboys,2006,26.6,121.0,239.8,360.8,21.9,103.7,219.1,322.8
5,St. Louis Rams,2006,22.9,112.8,247.6,360.4,23.8,145.4,189.7,335.1
6,Pittsburgh Steelers,2006,22.1,124.5,233.3,357.8,19.7,88.2,212.1,300.3
7,Cincinnati Bengals,2006,23.3,101.8,239.6,341.4,20.7,116.4,238.6,355.1
8,Green Bay Packers,2006,18.8,103.9,237.2,341.1,22.9,114.1,206.8,320.9
9,Jacksonville Jaguars,2006,23.2,158.8,180.1,338.9,17.1,91.2,192.4,283.6
10,New England Patriots,2006,24.1,123.1,212.5,335.6,14.8,94.2,200.2,294.4
11,Atlanta Falcons,2006,18.2,183.7,148.2,331.9,20.5,103.6,229.2,332.8
12,Washington Redskins,2006,19.2,138.5,189.2,327.7,23.5,137.3,218.2,355.5
13,New York Giants,2006,22.2,134.8,191.1,325.9,22.6,114.4,228.1,342.4
14,Chicago Bears,2006,26.7,119.9,205.1,324.9,15.9,99.4,194.8,294.1
15,Kansas City Chiefs,2006,20.7,133.9,187.5,321.4,19.7,120.5,208.4,328.9
16,Baltimore Ravens,2006,22.1,102.3,214.7,317.0,12.6,75.9,188.2,264.1
17,Arizona Cardinals,2006,19.6,83.6,228.9,312.5,24.3,118.6,230.9,349.4
18,Seattle Seahawks,2006,20.9,120.2,190.9,311.1,21.3,126.8,203.5,330.3
19,Miami Dolphins,2006,16.2,104.6,205.4,310.0,17.7,101.1,187.9,289.1
20,Denver Broncos,2006,19.9,134.5,174.9,309.4,19.1,113.3,213.1,326.4
21,Detroit Lions,2006,19.1,70.6,238.8,309.3,24.9,125.6,220.0,345.6
22,Minnesota Vikings,2006,17.6,113.8,195.2,308.9,20.4,61.6,238.6,300.2
23,Carolina Panthers,2006,16.9,103.7,204.0,307.7,19.1,108.6,187.5,296.1
24,New York Jets,2006,19.8,108.6,197.1,305.7,18.4,130.2,201.4,331.6
25,San Francisco 49ers,2006,18.6,135.8,168.0,303.8,25.8,121.0,223.2,344.2
26,Tennessee Titans,2006,20.2,138.4,162.2,300.6,25.0,144.6,225.1,369.7
27,Houston Texans,2006,16.7,105.4,173.6,279.1,22.9,122.2,215.2,337.5
28,Tampa Bay Buccaneers,2006,13.2,95.2,174.9,270.1,22.1,119.8,209.6,329.4
29,Buffalo Bills,2006,18.8,97.0,169.9,266.9,19.4,140.9,188.7,329.6
30,Cleveland Browns,2006,14.9,83.4,181.1,264.6,22.2,142.2,202.6,344.8
31,Oakland Raiders,2006,10.5,94.9,151.2,246.2,20.8,134.0,150.8,284.8
0,Kansas City Chiefs,2005,25.2,148.9,238.1,387.0,20.3,98.1,229.9,328.1
1,Seattle Seahawks,2005,28.2,153.6,216.1,369.7,16.9,94.4,222.4,316.8
2,Indianapolis Colts,2005,27.4,106.4,256.0,362.4,15.4,110.1,196.9,307.1
3,New York Giants,2005,26.4,138.1,223.6,361.7,19.6,103.5,224.0,327.5
4,Denver Broncos,2005,24.7,158.7,201.7,360.4,16.1,85.2,227.7,312.9
5,Cincinnati Bengals,2005,26.3,119.4,238.8,358.1,21.9,115.6,223.1,338.7
6,New England Patriots,2005,23.7,94.5,257.5,352.0,21.1,98.8,231.4,330.2
7,Arizona Cardinals,2005,19.4,71.1,277.3,348.4,24.2,102.0,193.6,295.6
8,St. Louis Rams,2005,22.7,95.9,252.2,348.2,26.8,136.1,214.0,350.1
9,San Diego Chargers,2005,26.1,129.5,218.4,347.9,19.5,84.3,224.9,309.2
10,Washington Redskins,2005,22.4,136.4,194.1,330.6,18.3,105.4,192.6,297.9
11,Atlanta Falcons,2005,21.9,159.1,167.4,326.6,21.3,128.9,196.1,325.0
12,Dallas Cowboys,2005,20.3,116.3,208.8,325.1,19.2,108.2,192.7,300.9
13,Miami Dolphins,2005,19.9,118.6,206.2,324.9,19.8,110.7,206.7,317.4
14,Jacksonville Jaguars,2005,22.6,122.4,199.4,321.8,16.8,106.8,184.1,290.9
15,Pittsburgh Steelers,2005,24.3,138.9,182.9,321.8,16.1,86.0,198.0,284.0
16,Tennessee Titans,2005,18.7,95.3,224.8,320.1,26.3,118.4,201.0,319.4
17,Green Bay Packers,2005,18.6,84.5,235.4,319.9,21.5,125.6,167.5,293.1
18,Philadelphia Eagles,2005,19.4,89.5,229.8,319.3,24.2,117.7,207.7,325.4
19,New Orleans Saints,2005,14.7,105.5,208.9,314.4,24.9,134.1,178.1,312.1
20,Oakland Raiders,2005,18.1,85.6,223.9,309.4,23.9,128.1,202.7,330.8
21,Carolina Panthers,2005,24.4,104.9,204.4,309.4,16.2,91.6,191.1,282.6
22,Tampa Bay Buccaneers,2005,18.8,114.1,180.6,294.8,17.1,94.7,183.1,277.8
23,Baltimore Ravens,2005,16.6,100.3,193.0,293.3,18.7,99.4,184.9,284.3
24,Minnesota Vikings,2005,19.1,91.7,196.6,288.3,21.5,115.1,208.2,323.3
25,Cleveland Browns,2005,14.5,93.9,190.4,284.4,18.8,137.6,179.2,316.8
26,Detroit Lions,2005,15.9,91.9,178.0,269.9,21.6,127.5,194.9,322.4
27,Buffalo Bills,2005,16.9,100.4,157.2,257.6,22.9,137.8,205.7,343.5
28,Chicago Bears,2005,16.2,131.2,125.1,256.3,12.6,102.3,179.5,281.8
29,Houston Texans,2005,16.2,113.5,139.8,253.3,26.9,143.9,220.1,364.0
30,New York Jets,2005,15.0,83.0,165.1,248.1,22.2,136.6,172.2,308.8
31,San Francisco 49ers,2005,14.9,105.6,118.6,224.2,26.8,114.5,276.7,391.2
0,Kansas City Chiefs,2004,30.2,143.1,275.4,418.4,27.2,114.6,262.7,377.3
1,Indianapolis Colts,2004,32.6,115.8,288.9,404.7,21.9,127.3,243.2,370.6
2,Green Bay Packers,2004,26.5,119.2,278.1,397.3,23.8,117.4,228.9,346.3
3,Minnesota Vikings,2004,25.3,113.9,282.2,396.2,24.7,125.4,243.5,368.9
4,Denver Broncos,2004,23.8,145.8,249.9,395.8,19.0,94.5,184.2,278.7
5,St. Louis Rams,2004,19.9,101.5,265.8,367.3,24.5,136.2,198.4,334.6
6,New England Patriots,2004,27.3,133.4,224.2,357.6,16.2,98.2,212.5,310.8
7,Seattle Seahawks,2004,23.2,130.9,221.2,352.1,23.3,126.9,224.4,351.3
8,Philadelphia Eagles,2004,24.1,102.4,248.7,351.1,16.2,118.9,200.8,319.7
9,San Diego Chargers,2004,27.9,136.6,209.8,346.4,19.6,81.7,253.3,335.0
10,Tennessee Titans,2004,21.5,116.9,226.0,342.9,27.4,119.8,237.9,357.8
11,New York Jets,2004,20.8,149.2,190.6,339.9,16.3,97.9,207.0,304.9
12,Carolina Panthers,2004,22.2,98.9,227.7,326.6,21.2,119.0,217.4,336.4
13,Dallas Cowboys,2004,18.3,110.6,214.2,324.8,25.3,110.2,220.1,330.3
14,New Orleans Saints,2004,21.8,100.4,224.2,324.6,25.3,140.8,243.0,383.8
15,Pittsburgh Steelers,2004,23.2,154.0,170.0,324.0,15.7,81.2,177.2,258.4
16,Oakland Raiders,2004,20.0,80.9,241.1,322.1,27.6,125.8,245.2,371.0
17,Cincinnati Bengals,2004,23.4,114.9,206.3,321.2,23.2,128.9,206.4,335.3
18,Houston Texans,2004,19.3,117.6,202.9,320.5,21.2,115.2,225.9,341.1
19,Atlanta Falcons,2004,21.2,167.0,150.8,317.8,21.1,105.1,220.4,325.4
20,Jacksonville Jaguars,2004,16.3,115.6,197.4,313.1,17.5,111.1,209.8,320.9
21,Tampa Bay Buccaneers,2004,18.8,93.1,217.1,310.2,19.0,123.3,161.2,284.5
22,New York Giants,2004,18.9,119.0,176.1,295.1,21.7,134.8,189.4,324.2
23,Detroit Lions,2004,18.5,111.1,182.2,293.3,21.9,117.9,219.6,337.6
24,Buffalo Bills,2004,24.7,117.1,176.1,293.2,17.8,100.2,164.0,264.2
25,San Francisco 49ers,2004,16.2,90.6,196.0,286.6,28.2,124.7,217.9,342.6
26,Arizona Cardinals,2004,17.8,104.2,180.1,284.4,20.1,131.6,189.8,321.3
27,Cleveland Browns,2004,17.2,103.6,176.5,280.1,24.4,144.6,181.3,325.9
28,Miami Dolphins,2004,17.2,83.7,191.6,275.2,22.1,143.9,162.0,305.9
29,Washington Redskins,2004,15.0,110.3,164.5,274.8,16.6,81.5,186.1,267.6
30,Baltimore Ravens,2004,19.8,128.9,144.5,273.4,16.8,105.1,195.1,300.2
31,Chicago Bears,2004,14.4,101.5,137.0,238.5,20.7,128.1,208.8,336.9
0,Minnesota Vikings,2003,26.0,146.4,246.9,393.4,22.1,117.4,217.3,334.8
1,Kansas City Chiefs,2003,30.2,120.6,248.8,369.4,20.8,146.5,210.2,356.7
2,Indianapolis Colts,2003,27.9,105.9,261.2,367.1,21.0,123.8,175.6,299.3
3,Green Bay Packers,2003,27.6,159.9,202.5,362.4,19.2,106.3,212.5,318.8
4,San Francisco 49ers,2003,24.0,142.4,213.0,355.4,21.1,105.6,202.4,308.0
5,Seattle Seahawks,2003,25.2,125.6,226.1,351.7,20.4,109.9,217.5,327.4
6,Denver Broncos,2003,23.8,164.3,185.6,349.9,18.8,100.3,176.8,277.1
7,Tennessee Titans,2003,27.2,101.4,242.4,343.8,20.2,80.9,225.4,306.3
8,St. Louis Rams,2003,27.9,93.5,247.6,341.1,20.5,123.8,192.0,315.8
9,Tampa Bay Buccaneers,2003,18.8,103.0,237.8,340.8,16.5,109.8,169.4,279.1
10,New Orleans Saints,2003,21.2,125.0,214.9,339.9,20.4,140.1,187.1,327.1
11,Jacksonville Jaguars,2003,17.2,129.6,205.3,334.9,20.7,87.9,203.2,291.1
12,Cincinnati Bengals,2003,21.6,124.2,208.9,333.1,24.0,138.6,212.6,351.2
13,San Diego Chargers,2003,19.6,134.1,188.8,322.9,27.6,138.6,210.9,349.6
14,Dallas Cowboys,2003,18.1,124.9,197.6,322.6,16.2,89.1,164.4,253.5
15,Carolina Panthers,2003,20.3,130.7,190.6,321.3,19.0,107.6,187.7,295.3
16,New England Patriots,2003,21.8,100.4,214.5,314.9,14.9,89.6,202.0,291.6
17,Philadelphia Eagles,2003,23.4,125.9,188.8,314.7,17.9,129.4,202.2,331.7
18,New York Jets,2003,17.7,102.2,207.2,309.4,18.7,143.4,189.1,332.4
19,New York Giants,2003,15.2,97.4,211.4,308.9,24.2,119.2,213.2,332.5
20,Baltimore Ravens,2003,24.4,167.1,140.9,308.1,17.6,96.0,175.3,271.3
21,Pittsburgh Steelers,2003,18.8,93.0,206.5,299.5,20.4,108.8,190.1,298.9
22,Washington Redskins,2003,17.9,103.3,187.9,291.2,23.2,138.6,199.7,338.2
23,Miami Dolphins,2003,19.4,113.6,174.5,288.1,16.3,90.8,208.4,299.2
24,Oakland Raiders,2003,16.9,113.9,171.9,285.8,23.7,156.9,212.1,369.0
25,Cleveland Browns,2003,15.9,104.4,177.1,281.5,20.1,132.1,177.9,309.9
26,Arizona Cardinals,2003,14.1,95.7,184.9,280.6,28.2,119.7,224.3,344.0
27,Chicago Bears,2003,17.7,110.2,163.6,273.8,21.6,116.6,192.6,309.2
28,Atlanta Falcons,2003,18.7,121.8,150.5,272.3,26.4,144.2,237.5,381.8
29,Buffalo Bills,2003,15.2,104.0,167.8,271.8,17.4,100.4,169.2,269.6
30,Houston Texans,2003,15.9,103.2,165.9,269.1,23.8,148.1,232.0,380.1
31,Detroit Lions,2003,16.9,83.6,182.8,266.4,23.7,111.4,223.6,335.0
0,Oakland Raiders,2002,28.1,110.1,279.7,389.8,19.0,90.8,220.4,311.2
1,Minnesota Vikings,2002,24.4,156.7,230.3,387.0,27.6,104.1,256.4,360.6
2,Denver Broncos,2002,24.5,141.6,239.0,380.6,21.5,93.1,208.6,301.6
3,Kansas City Chiefs,2002,29.2,148.6,226.4,375.0,24.9,129.2,261.3,390.5
4,Pittsburgh Steelers,2002,24.4,132.5,239.5,372.0,21.6,85.9,216.2,302.2
5,New York Giants,2002,20.0,117.2,246.9,364.1,17.4,114.4,194.9,309.3
6,Seattle Seahawks,2002,22.2,108.8,254.9,363.6,23.1,152.6,213.2,365.8
7,San Francisco 49ers,2002,22.9,140.2,216.1,356.3,21.9,103.2,219.1,322.4
8,Indianapolis Colts,2002,21.8,97.6,253.4,351.0,19.6,124.5,182.3,306.8
9,Philadelphia Eagles,2002,25.9,138.8,211.5,350.2,15.1,103.8,193.4,297.1
10,Buffalo Bills,2002,23.7,99.8,249.7,349.4,24.8,132.6,191.7,324.3
11,Green Bay Packers,2002,24.9,120.8,226.7,347.5,20.5,124.9,186.7,311.6
12,St. Louis Rams,2002,19.8,87.8,259.6,347.4,23.1,113.5,200.6,314.1
13,Atlanta Falcons,2002,25.1,148.0,197.9,345.9,19.6,127.9,205.4,333.4
14,Miami Dolphins,2002,23.6,156.4,180.6,337.0,18.8,97.1,193.9,291.0
15,San Diego Chargers,2002,20.8,133.6,199.2,332.8,22.9,108.7,268.4,377.1
16,Tennessee Titans,2002,22.9,122.0,207.5,329.5,20.2,89.0,221.2,310.2
17,Cincinnati Bengals,2002,17.4,108.1,217.2,325.4,28.5,125.2,203.9,329.1
18,New Orleans Saints,2002,27.0,110.2,215.1,325.3,24.2,124.4,237.8,362.2
19,Washington Redskins,2002,19.2,118.1,203.4,321.4,22.8,109.6,189.6,299.2
20,New England Patriots,2002,23.8,94.2,223.6,317.8,21.6,137.4,198.7,336.1
21,New York Jets,2002,22.4,101.1,213.6,314.8,21.0,123.3,218.1,341.4
22,Cleveland Browns,2002,21.5,100.9,213.2,314.2,20.0,129.9,204.3,334.2
23,Tampa Bay Buccaneers,2002,21.6,97.3,215.3,312.6,12.2,97.1,155.6,252.8
24,Jacksonville Jaguars,2002,20.5,130.6,172.6,303.2,19.7,129.4,204.0,333.4
25,Baltimore Ravens,2002,19.8,112.0,177.9,289.9,22.1,110.1,224.4,334.6
26,Arizona Cardinals,2002,16.4,113.9,171.2,285.2,26.1,134.1,242.1,376.2
27,Detroit Lions,2002,19.1,92.3,187.1,279.4,28.2,122.9,259.4,382.3
28,Chicago Bears,2002,17.6,84.0,190.7,274.7,23.7,129.8,220.6,350.4
29,Dallas Cowboys,2002,13.6,109.6,163.8,273.4,20.6,113.6,215.6,329.2
30,Carolina Panthers,2002,16.1,99.1,168.4,267.5,18.9,103.3,187.1,290.4
31,Houston Texans,2002,13.3,84.2,139.1,223.2,22.2,130.6,196.3,326.9
0,St. Louis Rams,2001,31.4,126.7,291.4,418.1,17.1,85.9,193.6,279.4
1,Indianapolis Colts,2001,25.8,122.9,249.3,372.2,30.4,132.2,225.0,357.2
2,Pittsburgh Steelers,2001,22.0,173.4,194.6,367.9,13.2,74.7,183.9,258.6
3,San Francisco 49ers,2001,25.6,140.2,215.3,355.6,17.6,98.2,211.4,309.6
4,Kansas City Chiefs,2001,20.0,125.5,229.1,354.6,21.5,133.8,197.8,331.5
5,Green Bay Packers,2001,24.4,105.8,235.6,341.4,16.6,110.6,198.0,308.6
6,Oakland Raiders,2001,24.9,103.4,231.7,335.1,20.4,124.2,192.7,316.9
7,Tennessee Titans,2001,21.0,112.1,222.4,334.5,24.2,89.4,255.2,344.7
8,New York Giants,2001,18.4,111.1,222.4,333.4,20.1,96.6,214.4,310.9
9,New Orleans Saints,2001,20.8,107.0,219.6,326.6,25.6,107.2,209.7,316.9
10,San Diego Chargers,2001,20.8,105.9,219.1,325.0,20.1,94.0,212.5,306.5
11,Minnesota Vikings,2001,18.1,100.6,223.5,324.1,24.4,143.7,210.4,354.1
12,Buffalo Bills,2001,16.6,105.4,215.7,321.1,26.2,133.3,197.4,330.8
13,Baltimore Ravens,2001,18.9,113.1,207.1,320.2,16.6,88.2,189.7,277.9
14,Atlanta Falcons,2001,18.2,110.1,206.8,316.9,23.6,121.4,243.9,365.3
15,Detroit Lions,2001,16.9,87.4,224.8,312.1,26.5,124.6,220.5,345.1
16,Philadelphia Eagles,2001,21.4,111.1,196.6,307.7,13.0,114.8,179.0,293.8
17,Arizona Cardinals,2001,18.4,90.6,215.6,306.1,21.4,130.4,224.9,355.3
18,New England Patriots,2001,23.2,112.1,193.1,305.1,17.0,115.9,218.6,334.5
19,Jacksonville Jaguars,2001,18.4,100.0,202.5,302.5,17.9,100.7,216.2,316.9
20,Miami Dolphins,2001,21.5,104.0,197.3,301.3,18.1,111.2,176.8,288.0
21,Denver Broncos,2001,21.2,117.3,183.8,301.1,21.2,93.2,205.1,298.4
22,Cincinnati Bengals,2001,14.1,107.0,193.0,300.0,19.3,104.7,197.3,302.0
23,New York Jets,2001,19.2,128.4,171.3,299.7,18.4,134.6,187.4,322.1
24,Seattle Seahawks,2001,18.8,121.0,177.2,298.2,20.2,107.6,217.8,325.4
25,Chicago Bears,2001,21.1,108.9,184.5,293.4,12.7,82.1,229.1,311.1
26,Tampa Bay Buccaneers,2001,20.2,85.7,207.7,293.4,17.5,106.4,184.4,290.8
27,Washington Redskins,2001,16.0,121.8,155.4,277.2,18.9,116.8,186.1,302.9
28,Dallas Cowboys,2001,15.4,136.5,138.6,275.1,21.1,106.9,180.6,287.4
29,Carolina Panthers,2001,15.8,85.8,180.1,265.9,25.6,143.8,227.6,371.4
30,Cleveland Browns,2001,17.8,84.4,175.1,259.5,19.9,138.0,193.1,331.1
0,St. Louis Rams,2000,33.8,115.2,327.0,442.2,29.4,106.1,237.3,343.4
1,Denver Broncos,2000,30.3,144.4,265.2,409.6,23.1,99.9,246.6,346.5
2,Indianapolis Colts,2000,26.8,116.2,267.6,383.8,20.4,120.9,213.9,334.8
3,San Francisco 49ers,2000,24.2,112.6,264.9,377.5,26.4,112.1,244.7,356.8
4,Minnesota Vikings,2000,24.8,133.1,239.5,372.6,23.2,111.8,244.6,356.3
5,Oakland Raiders,2000,29.9,154.4,206.6,361.0,18.7,96.9,231.1,328.1
6,Jacksonville Jaguars,2000,22.9,127.0,228.6,355.6,20.4,105.3,197.5,302.8
7,Kansas City Chiefs,2000,22.2,91.6,259.3,350.9,22.1,113.1,216.9,330.0
8,Buffalo Bills,2000,19.7,120.1,223.5,343.6,21.9,97.4,179.2,276.6
9,New Orleans Saints,2000,22.1,129.2,208.1,337.3,19.1,104.5,191.9,296.4
10,Washington Redskins,2000,17.6,109.2,228.0,337.2,16.8,115.8,163.8,279.6
11,New York Jets,2000,20.1,91.9,245.2,337.2,20.1,118.0,183.2,301.2
12,New York Giants,2000,20.5,125.6,210.4,336.0,15.4,72.2,211.9,284.1
13,Tennessee Titans,2000,21.6,130.2,204.1,334.4,11.9,86.9,151.4,238.3
14,Green Bay Packers,2000,22.1,102.7,229.9,332.6,20.2,101.1,215.7,316.8
15,Baltimore Ravens,2000,20.8,137.4,175.9,313.4,10.3,60.6,187.3,247.9
16,Philadelphia Eagles,2000,21.9,117.6,195.2,312.9,15.3,114.4,186.9,301.2
17,Pittsburgh Steelers,2000,20.1,140.5,157.4,297.9,15.9,105.8,188.8,294.6
18,Seattle Seahawks,2000,20.0,107.5,185.0,292.5,25.3,153.4,246.1,399.4
19,Carolina Panthers,2000,19.4,74.1,216.8,290.9,19.4,121.5,232.0,353.5
20,Tampa Bay Buccaneers,2000,24.2,129.1,161.4,290.6,16.8,103.0,197.0,300.0
21,New England Patriots,2000,17.2,86.9,198.8,285.7,21.1,114.4,220.1,334.6
22,Chicago Bears,2000,13.5,108.5,175.3,283.8,22.2,114.2,212.9,327.1
23,Arizona Cardinals,2000,13.1,79.9,203.1,283.0,27.7,163.1,195.5,358.6
24,Dallas Cowboys,2000,18.4,122.1,157.6,279.7,22.6,164.8,168.3,333.1
25,Miami Dolphins,2000,20.2,118.4,160.4,278.8,14.1,108.5,181.2,289.8
26,Detroit Lions,2000,19.2,109.2,167.2,276.4,19.2,113.9,200.6,314.6
27,San Diego Chargers,2000,16.8,66.4,202.4,268.8,27.5,88.9,221.1,309.9
28,Cincinnati Bengals,2000,11.6,144.6,121.6,266.2,22.4,120.3,222.6,342.9
29,Atlanta Falcons,2000,15.8,75.9,173.8,249.6,25.8,123.9,226.5,350.4
30,Cleveland Browns,2000,10.1,67.8,152.8,220.6,26.2,156.6,196.1,352.7
