,Rank,PASS_CMP,PASS_ATT,PASS_PCT,PASS_YDS,PASS_Y_A,PASS_TD,PASS_INT,PASS_SACKS,RUSH_ATT,RUSH_YDS,RUSH_TD,FL,G,FPTS,FPTS_G,OWN,Year,PlayerID
0,2,446,650,68.6,5162,7.9,39,12,37,35,52,3,2,16,385.8,24.1,92.60%,2013,Drew Brees9
1,6,456,659,69.2,4952,7.5,33,17,29,27,68,1,3,16,303.9,19,92.60%,2014,Drew Brees9
2,6,428,627,68.3,4870,7.8,32,11,31,24,14,1,2,15,306.5,20.4,92.60%,2015,Drew Brees9
3,3,471,673,70,5208,7.7,37,15,27,23,20,2,4,16,332.3,20.8,92.60%,2016,Drew Brees9
4,9,386,536,72,4334,8.1,23,8,20,33,12,2,0,16,262.6,16.4,92.60%,2017,Drew Brees9
5,8,364,489,74.4,3992,8.2,32,5,17,31,22,4,1,15,303.8,20.3,92.60%,2018,Drew Brees9
6,22,281,378,74.3,2979,7.9,27,4,12,9,-4,1,0,11,228.8,20.8,92.60%,2019,Drew Brees9
7,3,363,586,61.9,4293,7.3,33,20,29,61,183,2,3,16,326.1,20.4,1.40%,2013,Andy Dalton
8,18,309,481,64.2,3398,7.1,19,17,21,60,169,4,2,16,225.5,14.1,1.40%,2014,Andy Dalton
9,18,255,386,66.1,3250,8.4,25,7,20,57,142,3,2,13,244.1,18.8,1.40%,2015,Andy Dalton
10,13,364,563,64.7,4206,7.5,18,8,41,46,184,4,3,16,260.6,16.3,1.40%,2016,Andy Dalton
11,17,297,496,59.9,3320,6.7,25,12,39,38,99,0,4,16,210.7,13.2,1.40%,2017,Andy Dalton
12,25,226,365,61.9,2566,7,21,11,21,16,99,0,0,11,174.5,15.9,1.40%,2018,Andy Dalton
13,25,314,528,59.5,3494,6.6,16,14,37,32,73,4,4,13,216.5,16.7,1.40%,2019,Andy Dalton
14,4,371,634,58.5,4650,7.3,29,19,23,37,69,2,4,16,325.4,20.3,54.00%,2013,Matthew Stafford9
15,15,363,602,60.3,4257,7.1,22,12,45,43,93,2,3,16,251,15.7,54.00%,2014,Matthew Stafford9
16,9,398,592,67.2,4262,7.2,32,13,44,44,159,1,2,16,289.7,18.1,54.00%,2015,Matthew Stafford9
17,7,388,594,65.3,4327,7.3,24,10,37,37,207,2,2,16,279.7,17.5,54.00%,2016,Matthew Stafford9
18,7,371,565,65.7,4446,7.9,29,10,47,29,98,0,7,16,273.8,17.1,54.00%,2017,Matthew Stafford9
19,20,367,555,66.1,3777,6.8,21,11,40,25,71,0,4,16,212.1,13.3,54.00%,2018,Matthew Stafford9
20,29,187,291,64.3,2499,8.6,19,5,18,20,66,0,3,8,171.5,21.4,54.00%,2019,Matthew Stafford9
21,7,378,544,69.5,4478,8.2,32,11,30,28,72,0,2,16,311.4,19.5,11.20%,2013,Philip Rivers17
22,12,379,570,66.5,4286,7.5,31,18,36,37,102,0,2,16,265.7,16.6,11.20%,2014,Philip Rivers17
23,12,437,661,66.1,4792,7.2,29,13,40,17,28,0,2,16,284.3,17.8,11.20%,2015,Philip Rivers17
24,14,349,578,60.4,4386,7.6,33,21,36,14,35,0,5,16,259,16.2,11.20%,2016,Philip Rivers17
25,8,360,575,62.6,4515,7.9,28,10,18,18,-2,0,1,16,270.5,16.9,11.20%,2017,Philip Rivers17
26,11,347,508,68.3,4308,8.5,32,12,32,18,7,0,1,16,284.9,17.8,11.20%,2018,Philip Rivers17
27,15,390,591,66,4615,7.8,23,20,34,12,29,0,3,16,255.5,16,11.20%,2019,Philip Rivers17
28,8,257,407,63.1,3357,8.2,26,9,44,96,539,1,5,16,298.3,18.6,98.30%,2013,Russell Wilson3
29,3,285,452,63.1,3475,7.7,20,7,42,118,849,6,0,16,328.5,20.5,98.30%,2014,Russell Wilson3
30,3,329,483,68.1,4024,8.3,34,8,45,103,553,1,3,16,336.4,21,98.30%,2015,Russell Wilson3
31,11,353,546,64.7,4219,7.7,21,11,41,72,259,1,2,16,268.1,16.8,98.30%,2016,Russell Wilson3
32,1,339,553,61.3,3983,7.2,34,11,43,95,586,3,3,16,347.8,21.7,98.30%,2017,Russell Wilson3
33,9,280,427,65.6,3448,8.1,35,7,51,67,376,0,2,16,298.4,18.7,98.30%,2018,Russell Wilson3
34,4,341,516,66.1,4110,8,31,5,48,75,342,3,2,16,333.5,20.8,98.30%,2019,Russell Wilson3
35,9,375,584,64.2,4261,7.3,28,14,42,27,99,1,6,16,294.4,18.4,45.80%,2013,Ben Roethlisberger7
36,5,408,608,67.1,4952,8.1,32,9,33,33,27,0,5,16,306.2,19.1,45.80%,2014,Ben Roethlisberger7
37,20,319,469,68,3938,8.4,21,16,20,15,29,0,0,12,227.6,19,45.80%,2015,Ben Roethlisberger7
38,18,328,509,64.4,3819,7.5,29,13,17,16,14,1,2,14,252.3,18,45.80%,2016,Ben Roethlisberger7
39,11,360,561,64.2,4251,7.6,28,14,21,28,47,0,1,15,260.6,17.4,45.80%,2017,Ben Roethlisberger7
40,3,452,675,67,5129,7.6,34,16,24,31,98,3,2,16,341,21.3,45.80%,2018,Ben Roethlisberger7
41,53,35,62,56.5,351,5.7,0,1,2,1,7,0,0,2,13.7,6.9,45.80%,2019,Ben Roethlisberger7
42,11,439,651,67.4,4515,6.9,26,17,44,17,55,0,4,16,288.1,18,86.70%,2013,Matt Ryan2
43,7,415,628,66.1,4694,7.5,28,14,31,29,145,0,2,16,284,17.8,86.70%,2014,Matt Ryan2
44,19,407,614,66.3,4591,7.5,21,16,30,36,63,0,5,16,233.9,14.6,86.70%,2015,Matt Ryan2
45,2,373,534,69.9,4944,9.3,38,7,37,35,117,0,2,16,347.5,21.7,86.70%,2016,Matt Ryan2
46,15,342,529,64.7,4095,7.7,20,12,24,32,143,0,3,16,228.1,14.3,86.70%,2017,Matt Ryan2
47,2,422,608,69.4,4924,8.1,35,7,42,33,125,3,5,16,354,22.1,86.70%,2018,Matt Ryan2
48,11,408,616,66.2,4466,7.3,26,14,48,34,147,1,5,15,281.4,18.8,86.70%,2019,Matt Ryan2
49,13,380,628,60.5,4343,6.9,25,11,40,32,18,0,3,16,277.5,17.3,91.30%,2013,Tom Brady12
50,9,373,582,64.1,4109,7.1,33,9,21,36,57,0,3,16,278.3,17.4,91.30%,2014,Tom Brady12
51,2,402,624,64.4,4770,7.6,36,7,38,34,53,3,2,16,343.7,21.5,91.30%,2015,Tom Brady12
52,15,291,432,67.4,3554,8.2,28,2,15,28,64,0,0,12,258.4,21.5,91.30%,2016,Tom Brady12
53,3,385,581,66.3,4577,7.9,32,8,35,25,28,0,3,16,295.9,18.5,91.30%,2017,Tom Brady12
54,14,375,570,65.8,4355,7.6,29,11,21,23,35,2,2,16,280.4,17.5,91.30%,2018,Tom Brady12
55,12,373,613,60.8,4057,6.6,24,8,27,26,34,3,1,16,271.6,17,91.30%,2019,Tom Brady12
56,14,355,588,60.4,3913,6.7,24,17,58,40,238,1,5,16,276.5,17.3,53.90%,2013,Ryan Tannehill17
57,8,392,590,66.4,4045,6.9,27,12,46,56,311,1,2,16,280,17.5,53.90%,2014,Ryan Tannehill17
58,17,363,586,61.9,4208,7.2,24,12,45,32,141,1,3,16,257.3,16.1,53.90%,2015,Ryan Tannehill17
59,27,261,389,67.1,2995,7.7,19,12,29,39,164,1,3,13,190.4,14.6,53.90%,2016,Ryan Tannehill17
60,168,0,0,0,0,0,0,0,0,0,0,0,0,0,0,0,53.90%,2017,Ryan Tannehill17
61,30,176,274,64.2,1979,7.2,17,9,35,32,145,0,4,11,142,12.9,53.90%,2018,Ryan Tannehill17
62,21,201,286,70.3,2742,9.6,22,6,31,43,185,4,3,12,230.2,19.2,53.90%,2019,Ryan Tannehill17
63,15,308,508,60.6,3313,6.5,23,7,39,76,431,1,3,15,274.2,18.3,0.40%,2013,Alex Smith11
64,19,303,464,65.3,3265,7,18,6,45,49,254,1,1,15,222.7,14.8,0.40%,2014,Alex Smith11
65,15,307,470,65.3,3486,7.4,20,7,45,84,498,2,0,16,271,16.9,0.40%,2015,Alex Smith11
66,22,328,489,67.1,3502,7.2,15,8,28,48,134,5,4,15,223.9,14.9,0.40%,2016,Alex Smith11
67,4,341,505,67.5,4042,8,26,5,35,60,355,1,1,15,295.1,19.7,0.40%,2017,Alex Smith11
68,31,205,328,62.5,2180,6.6,10,5,22,41,168,1,1,10,137.9,13.8,0.40%,2018,Alex Smith11
69,153,0,0,0,0,0,0,0,0,0,0,0,0,1,0,0,0.40%,2019,Alex Smith11
70,16,203,317,64,2891,9.1,27,2,28,57,221,3,2,13,266.1,20.5,2.20%,2013,Nick Foles9
71,29,186,311,59.8,2163,7,13,10,9,16,68,0,3,8,119.3,14.9,2.20%,2014,Nick Foles9
72,32,190,337,56.4,2052,6.1,7,10,14,17,20,1,2,11,95.9,8.7,2.20%,2015,Nick Foles9
73,45,36,55,65.5,410,7.5,3,0,4,4,-4,0,0,3,28,9.3,2.20%,2016,Nick Foles9
74,43,57,101,56.4,537,5.3,5,2,5,11,3,0,2,7,33.8,4.8,2.20%,2017,Nick Foles9
75,36,141,195,72.3,1413,7.2,7,4,9,9,17,0,2,5,75.2,15,2.20%,2018,Nick Foles9
76,43,77,117,65.8,736,6.3,3,2,8,4,23,0,2,4,39.7,9.9,2.20%,2019,Nick Foles9
77,23,217,350,62,2454,7,14,12,21,43,225,3,2,11,193.6,17.6,4.90%,2013,Ryan Fitzpatrick14
78,21,197,312,63.1,2483,8,17,8,21,50,184,2,1,12,180.2,15,4.90%,2014,Ryan Fitzpatrick14
79,11,335,562,59.6,3905,6.9,31,15,19,60,270,2,2,16,285.1,17.8,4.90%,2015,Ryan Fitzpatrick14
80,29,228,403,56.6,2710,6.7,12,17,19,33,130,0,1,14,133.3,9.5,4.90%,2016,Ryan Fitzpatrick14
81,35,96,163,58.9,1103,6.8,7,3,7,15,78,0,0,6,73.7,12.3,4.90%,2017,Ryan Fitzpatrick14
82,28,164,246,66.7,2366,9.6,17,12,14,36,152,2,1,8,165.8,20.7,4.90%,2018,Ryan Fitzpatrick14
83,16,311,502,62,3529,7,20,13,40,54,243,4,2,15,254.7,17,4.90%,2019,Ryan Fitzpatrick14
84,24,305,503,60.6,3241,6.4,13,14,38,27,77,0,0,15,187.3,12.5,0.00%,2013,Chad Henne4
85,44,42,78,53.8,492,6.3,3,1,16,4,25,0,1,3,30.1,10,0.00%,2014,Chad Henne4
86,170,0,0,0,0,0,0,0,0,0,0,0,0,0,0,0,0.00%,2015,Chad Henne4
87,181,0,0,0,0,0,0,0,0,1,-2,0,0,1,-0.2,-0.2,0.00%,2016,Chad Henne4
88,176,0,2,0,0,0,0,0,0,5,-5,0,0,2,-0.5,-0.3,0.00%,2017,Chad Henne4
89,60,2,3,66.7,29,9.7,0,0,0,1,3,0,0,1,1.5,1.5,0.00%,2018,Chad Henne4
90,138,0,0,0,0,0,0,0,0,0,0,0,0,1,0,0,0.00%,2019,Chad Henne4
91,26,193,290,66.6,2536,8.7,17,6,21,30,120,0,0,9,177.5,19.7,90.90%,2013,Aaron Rodgers12
92,1,341,520,65.6,4381,8.4,38,5,28,43,269,2,2,16,354.1,22.1,90.90%,2014,Aaron Rodgers12
93,7,347,572,60.7,3821,6.7,31,8,46,58,344,1,4,16,301.3,18.8,90.90%,2015,Aaron Rodgers12
94,1,401,610,65.7,4428,7.3,40,7,35,67,369,4,4,16,380,23.8,90.90%,2016,Aaron Rodgers12
95,29,154,238,64.7,1675,7,16,6,22,24,126,0,1,7,129.5,18.5,90.90%,2017,Aaron Rodgers12
96,6,372,597,62.3,4442,7.4,25,2,49,43,269,2,3,16,312.5,19.5,90.90%,2018,Aaron Rodgers12
97,10,353,569,62,4002,7,26,4,36,46,183,1,4,16,282.3,17.6,90.90%,2019,Aaron Rodgers12
98,31,219,358,61.2,2310,6.5,10,14,21,5,24,0,1,10,128.7,12.9,0.20%,2013,Matt Schaub8
99,196,5,10,50,57,5.7,0,2,3,0,0,0,1,11,-3.7,-0.3,0.20%,2014,Matt Schaub8
100,48,52,80,65,540,6.8,3,4,3,4,10,0,0,2,26.6,13.3,0.20%,2015,Matt Schaub8
101,64,1,3,33.3,16,5.3,0,0,0,2,-2,0,0,4,0.4,0.1,0.20%,2016,Matt Schaub8
102,149,0,0,0,0,0,0,0,0,0,0,0,0,0,0,0,0.20%,2017,Matt Schaub8
103,65,5,7,71.4,20,2.9,0,0,0,1,0,0,0,3,0.1,0,0.20%,2018,Matt Schaub8
104,45,50,67,74.6,580,8.7,3,1,2,3,-3,0,1,7,33.9,4.8,0.20%,2019,Matt Schaub8
105,34,137,253,54.2,1760,7,9,6,19,14,72,1,2,8,119.6,15,0.50%,2013,Case Keenum8
106,45,45,77,58.4,435,5.6,2,2,3,10,35,0,1,2,22.9,11.5,0.50%,2014,Case Keenum8
107,40,76,125,60.8,828,6.6,4,1,4,12,5,0,2,6,43.6,7.3,0.50%,2015,Case Keenum8
108,30,196,322,60.9,2201,6.8,9,11,23,20,51,1,1,10,111,11.1,0.50%,2016,Case Keenum8
109,14,325,481,67.6,3547,7.4,22,7,22,40,160,1,1,15,238.1,15.9,0.50%,2017,Case Keenum8
110,19,365,586,62.3,3890,6.6,18,15,34,26,93,2,2,16,215,13.4,0.50%,2018,Case Keenum8
111,31,160,247,64.8,1707,6.9,11,5,15,9,12,1,3,10,108.4,10.8,0.50%,2019,Case Keenum8
112,42,57,96,59.4,615,6.4,5,3,6,6,16,0,0,3,46.2,15.4,0.40%,2013,Brian Hoyer2
113,25,242,438,55.3,3326,7.6,12,13,24,24,39,0,1,14,156.9,11.2,0.40%,2014,Brian Hoyer2
114,25,224,369,60.7,2606,7.1,19,7,25,15,44,0,2,11,166.6,15.1,0.40%,2015,Brian Hoyer2
115,31,134,200,67,1445,7.2,6,0,4,7,-2,0,1,6,79.2,13.2,0.40%,2016,Brian Hoyer2
116,37,123,211,58.3,1287,6.1,4,4,16,9,4,1,1,11,64,5.8,0.40%,2017,Brian Hoyer2
117,165,1,2,50,7,3.5,0,0,0,11,-8,0,0,5,-0.5,-0.1,0.40%,2018,Brian Hoyer2
118,48,35,65,53.8,372,5.7,4,4,5,8,2,0,1,5,25.1,5,0.40%,2019,Brian Hoyer2
119,43,81,155,52.3,854,5.5,4,7,5,4,14,0,2,5,45.6,9.1,25.50%,2013,Kirk Cousins8
120,35,126,204,61.8,1710,8.4,10,9,8,7,20,0,2,6,88.5,14.8,25.50%,2014,Kirk Cousins8
121,8,379,543,69.8,4166,7.7,29,11,26,26,48,5,3,16,293.5,18.3,25.50%,2015,Kirk Cousins8
122,5,406,606,67,4917,8.1,25,12,23,34,96,4,3,16,300.7,18.8,25.50%,2016,Kirk Cousins8
123,6,347,540,64.3,4093,7.6,27,13,41,49,179,4,5,16,277.6,17.4,25.50%,2017,Kirk Cousins8
124,13,425,606,70.1,4298,7.1,30,10,40,44,123,1,7,16,282.1,17.6,25.50%,2018,Kirk Cousins8
125,18,307,444,69.1,3603,8.1,26,6,28,31,63,1,3,15,250.4,16.7,25.50%,2019,Kirk Cousins8
126,46,42,86,48.8,481,5.6,1,7,12,9,32,0,0,3,26.4,8.8,0.10%,2013,Blaine Gabbert11
127,57,3,7,42.9,38,5.4,1,0,0,1,5,0,0,1,6,6,0.10%,2014,Blaine Gabbert11
128,29,178,282,63.1,2031,7.2,10,7,25,32,185,1,1,8,129.8,16.2,0.10%,2015,Blaine Gabbert11
129,33,91,160,56.9,925,5.8,5,6,11,40,173,2,0,6,72.7,12.1,0.10%,2016,Blaine Gabbert11
130,38,95,171,55.6,1086,6.4,6,6,23,22,82,0,2,5,61.6,12.3,0.10%,2017,Blaine Gabbert11
131,43,61,101,60.4,626,6.2,4,4,5,6,0,0,0,8,33,4.1,0.10%,2018,Blaine Gabbert11
132,156,0,0,0,0,0,0,0,0,0,0,0,0,0,0,0,0.10%,2019,Blaine Gabbert11
133,48,25,38,65.8,248,6.5,1,1,2,14,52,0,0,5,19,3.8,0.10%,2013,Chase Daniel4
134,55,16,28,57.1,157,5.6,0,0,4,4,15,0,0,3,7.8,2.6,0.10%,2014,Chase Daniel4
135,167,2,2,100,4,2,0,0,0,2,-2,0,0,2,0,0,0.10%,2015,Chase Daniel4
136,63,1,1,100,16,16,0,0,0,0,0,0,0,1,0.6,0.6,0.10%,2016,Chase Daniel4
137,175,0,0,0,0,0,0,0,0,3,-2,0,0,1,-0.2,-0.2,0.10%,2017,Chase Daniel4
138,45,53,76,69.7,515,6.8,3,2,9,13,3,0,0,5,29.7,5.9,0.10%,2018,Chase Daniel4
139,46,45,64,70.3,435,6.8,3,2,7,6,6,0,0,4,28,7,0.10%,2019,Chase Daniel4
140,52,30,49,61.2,300,6.1,0,4,3,2,-2,0,1,3,11.8,3.9,0.20%,2013,Matt Barkley5
141,191,0,1,0,0,0,0,0,0,3,0,0,0,1,0,0,0.20%,2014,Matt Barkley5
142,189,0,0,0,0,0,0,0,0,0,0,0,0,0,0,0,0.20%,2015,Matt Barkley5
143,34,129,216,59.7,1611,7.5,8,14,6,7,2,0,2,7,70.8,10.1,0.20%,2016,Matt Barkley5
144,167,0,0,0,0,0,0,0,0,0,0,0,0,0,0,0,0.20%,2017,Matt Barkley5
145,49,15,25,60,232,9.3,2,0,1,3,-2,0,0,1,17.1,17.1,0.20%,2018,Matt Barkley5
146,55,27,51,52.9,359,7,0,3,2,2,-4,0,1,3,9,3,0.20%,2019,Matt Barkley5
147,54,1,5,20,2,0.4,0,1,0,8,64,0,0,3,8.1,2.7,4.20%,2013,Tyrod Taylor5
148,194,0,0,0,0,0,0,0,0,4,-3,0,0,1,-0.3,-0.3,4.20%,2014,Tyrod Taylor5
149,16,242,380,63.7,3035,8,20,6,36,104,568,4,1,14,270.6,19.3,4.20%,2015,Tyrod Taylor5
150,8,269,436,61.7,3023,6.9,17,6,42,95,580,6,2,15,270.9,18.1,4.20%,2016,Tyrod Taylor5
151,16,263,420,62.6,2799,6.7,14,4,46,84,427,4,2,15,222.6,14.8,4.20%,2017,Tyrod Taylor5
152,41,42,85,49.4,473,5.6,2,2,13,16,125,1,0,4,41.4,10.4,4.20%,2018,Tyrod Taylor5
153,57,4,6,66.7,33,5.5,1,0,0,10,7,0,0,8,6,0.8,4.20%,2019,Tyrod Taylor5
154,63,0,0,0,0,0,0,0,0,0,0,0,0,0,0,0,0.00%,2013,Jalen Morton7
155,116,0,0,0,0,0,0,0,0,0,0,0,0,0,0,0,0.00%,2014,Jalen Morton7
156,69,0,0,0,0,0,0,0,0,0,0,0,0,0,0,0,0.00%,2015,Jalen Morton7
157,88,0,0,0,0,0,0,0,0,0,0,0,0,0,0,0,0.00%,2016,Jalen Morton7
158,77,0,0,0,0,0,0,0,0,0,0,0,0,0,0,0,0.00%,2017,Jalen Morton7
159,75,0,0,0,0,0,0,0,0,0,0,0,0,0,0,0,0.00%,2018,Jalen Morton7
160,100,0,0,0,0,0,0,0,0,0,0,0,0,0,0,0,0.00%,2019,Jalen Morton7
161,64,0,0,0,0,0,0,0,0,0,0,0,0,0,0,0,0.00%,2013,Reid Sinnett7
162,138,0,0,0,0,0,0,0,0,0,0,0,0,0,0,0,0.00%,2014,Reid Sinnett7
163,105,0,0,0,0,0,0,0,0,0,0,0,0,0,0,0,0.00%,2015,Reid Sinnett7
164,89,0,0,0,0,0,0,0,0,0,0,0,0,0,0,0,0.00%,2016,Reid Sinnett7
165,78,0,0,0,0,0,0,0,0,0,0,0,0,0,0,0,0.00%,2017,Reid Sinnett7
166,72,0,0,0,0,0,0,0,0,0,0,0,0,0,0,0,0.00%,2018,Reid Sinnett7
167,99,0,0,0,0,0,0,0,0,0,0,0,0,0,0,0,0.00%,2019,Reid Sinnett7
168,65,0,0,0,0,0,0,0,0,0,0,0,0,0,0,0,0.40%,2013,Mason Rudolph2
169,72,0,0,0,0,0,0,0,0,0,0,0,0,0,0,0,0.40%,2014,Mason Rudolph2
170,80,0,0,0,0,0,0,0,0,0,0,0,0,0,0,0,0.40%,2015,Mason Rudolph2
171,74,0,0,0,0,0,0,0,0,0,0,0,0,0,0,0,0.40%,2016,Mason Rudolph2
172,87,0,0,0,0,0,0,0,0,0,0,0,0,0,0,0,0.40%,2017,Mason Rudolph2
173,121,0,0,0,0,0,0,0,0,0,0,0,0,0,0,0,0.40%,2018,Mason Rudolph2
174,30,176,283,62.2,1765,6.2,13,9,15,21,42,0,0,10,117.8,11.8,0.40%,2019,Mason Rudolph2
175,66,0,0,0,0,0,0,0,0,0,0,0,0,0,0,0,0.00%,2013,Broc Rutter5
176,130,0,0,0,0,0,0,0,0,0,0,0,0,0,0,0,0.00%,2014,Broc Rutter5
177,86,0,0,0,0,0,0,0,0,0,0,0,0,0,0,0,0.00%,2015,Broc Rutter5
178,82,0,0,0,0,0,0,0,0,0,0,0,0,0,0,0,0.00%,2016,Broc Rutter5
179,79,0,0,0,0,0,0,0,0,0,0,0,0,0,0,0,0.00%,2017,Broc Rutter5
180,77,0,0,0,0,0,0,0,0,0,0,0,0,0,0,0,0.00%,2018,Broc Rutter5
181,98,0,0,0,0,0,0,0,0,0,0,0,0,0,0,0,0.00%,2019,Broc Rutter5
182,67,0,0,0,0,0,0,0,0,0,0,0,0,0,0,0,0.00%,2013,J.T. Barrett16
183,78,0,0,0,0,0,0,0,0,0,0,0,0,0,0,0,0.00%,2014,J.T. Barrett16
184,145,0,0,0,0,0,0,0,0,0,0,0,0,0,0,0,0.00%,2015,J.T. Barrett16
185,133,0,0,0,0,0,0,0,0,0,0,0,0,0,0,0,0.00%,2016,J.T. Barrett16
186,123,0,0,0,0,0,0,0,0,0,0,0,0,0,0,0,0.00%,2017,J.T. Barrett16
187,120,0,0,0,0,0,0,0,0,0,0,0,0,0,0,0,0.00%,2018,J.T. Barrett16
188,113,0,0,0,0,0,0,0,0,0,0,0,0,0,0,0,0.00%,2019,J.T. Barrett16
189,68,0,0,0,0,0,0,0,0,0,0,0,0,0,0,0,0.20%,2013,Nick Mullens4
190,96,0,0,0,0,0,0,0,0,0,0,0,0,0,0,0,0.20%,2014,Nick Mullens4
191,70,0,0,0,0,0,0,0,0,0,0,0,0,0,0,0,0.20%,2015,Nick Mullens4
192,78,0,0,0,0,0,0,0,0,0,0,0,0,0,0,0,0.20%,2016,Nick Mullens4
193,72,0,0,0,0,0,0,0,0,0,0,0,0,0,0,0,0.20%,2017,Nick Mullens4
194,33,176,274,64.2,2277,8.3,13,10,17,18,-16,0,0,8,123.5,15.4,0.20%,2018,Nick Mullens4
195,164,0,0,0,0,0,0,0,0,3,-3,0,0,2,-0.3,-0.2,0.20%,2019,Nick Mullens4
196,69,0,0,0,0,0,0,0,0,0,0,0,0,0,0,0,0.10%,2013,Logan Woodside5
197,81,0,0,0,0,0,0,0,0,0,0,0,0,0,0,0,0.10%,2014,Logan Woodside5
198,76,0,0,0,0,0,0,0,0,0,0,0,0,0,0,0,0.10%,2015,Logan Woodside5
199,125,0,0,0,0,0,0,0,0,0,0,0,0,0,0,0,0.10%,2016,Logan Woodside5
200,126,0,0,0,0,0,0,0,0,0,0,0,0,0,0,0,0.10%,2017,Logan Woodside5
201,118,0,0,0,0,0,0,0,0,0,0,0,0,0,0,0,0.10%,2018,Logan Woodside5
202,114,0,0,0,0,0,0,0,0,0,0,0,0,0,0,0,0.10%,2019,Logan Woodside5
203,70,0,0,0,0,0,0,0,0,0,0,0,0,0,0,0,0.50%,2013,Josh Rosen3
204,74,0,0,0,0,0,0,0,0,0,0,0,0,0,0,0,0.50%,2014,Josh Rosen3
205,79,0,0,0,0,0,0,0,0,0,0,0,0,0,0,0,0.50%,2015,Josh Rosen3
206,73,0,0,0,0,0,0,0,0,0,0,0,0,0,0,0,0.50%,2016,Josh Rosen3
207,129,0,0,0,0,0,0,0,0,0,0,0,0,0,0,0,0.50%,2017,Josh Rosen3
208,34,217,393,55.2,2278,5.8,11,14,45,23,138,0,5,14,113,8.1,0.50%,2018,Josh Rosen3
209,49,58,109,53.2,567,5.2,1,5,16,3,13,0,0,6,23,3.8,0.50%,2019,Josh Rosen3
210,71,0,0,0,0,0,0,0,0,0,0,0,0,0,0,0,3.80%,2013,Sam Darnold14
211,79,0,0,0,0,0,0,0,0,0,0,0,0,0,0,0,3.80%,2014,Sam Darnold14
212,78,0,0,0,0,0,0,0,0,0,0,0,0,0,0,0,3.80%,2015,Sam Darnold14
213,93,0,0,0,0,0,0,0,0,0,0,0,0,0,0,0,3.80%,2016,Sam Darnold14
214,128,0,0,0,0,0,0,0,0,0,0,0,0,0,0,0,3.80%,2017,Sam Darnold14
215,27,239,414,57.7,2865,6.9,17,15,30,44,138,1,2,13,168.4,13,3.80%,2018,Sam Darnold14
216,27,273,441,61.9,3024,6.9,19,13,33,33,62,2,3,13,202.1,15.5,3.80%,2019,Sam Darnold14
217,72,0,0,0,0,0,0,0,0,0,0,0,0,0,0,0,30.30%,2013,Baker Mayfield6
218,82,0,0,0,0,0,0,0,0,0,0,0,0,0,0,0,30.30%,2014,Baker Mayfield6
219,77,0,0,0,0,0,0,0,0,0,0,0,0,0,0,0,30.30%,2015,Baker Mayfield6
220,94,0,0,0,0,0,0,0,0,0,0,0,0,0,0,0,30.30%,2016,Baker Mayfield6
221,127,0,0,0,0,0,0,0,0,0,0,0,0,0,0,0,30.30%,2017,Baker Mayfield6
222,16,310,486,63.8,3725,7.7,27,14,25,39,131,0,3,14,240,17.1,30.30%,2018,Baker Mayfield6
223,19,317,534,59.4,3827,7.2,22,21,40,28,141,3,2,16,250.3,15.6,30.30%,2019,Baker Mayfield6
224,73,0,0,0,0,0,0,0,0,0,0,0,0,0,0,0,2.60%,2013,Taysom Hill7
225,73,0,0,0,0,0,0,0,0,0,0,0,0,0,0,0,2.60%,2014,Taysom Hill7
226,81,0,0,0,0,0,0,0,0,0,0,0,0,0,0,0,2.60%,2015,Taysom Hill7
227,71,0,0,0,0,0,0,0,0,0,0,0,0,0,0,0,2.60%,2016,Taysom Hill7
228,88,0,0,0,0,0,0,0,0,0,0,0,0,5,0,0,2.60%,2017,Taysom Hill7
229,44,3,7,42.9,64,9.1,0,1,1,37,196,2,1,16,30.6,1.9,2.60%,2018,Taysom Hill7
230,36,3,6,50,55,9.2,0,0,1,27,156,1,0,16,83.2,5.2,2.60%,2019,Taysom Hill7
231,74,0,0,0,0,0,0,0,0,0,0,0,0,0,0,0,99.70%,2013,Lamar Jackson21
232,74,0,0,0,0,0,0,0,0,0,0,0,0,0,0,0,99.70%,2013,Lamar Jackson8
233,70,0,0,0,0,0,0,0,0,0,0,0,0,0,0,0,99.70%,2014,Lamar Jackson21
234,70,0,0,0,0,0,0,0,0,0,0,0,0,0,0,0,99.70%,2014,Lamar Jackson8
235,74,0,0,0,0,0,0,0,0,0,0,0,0,0,0,0,99.70%,2015,Lamar Jackson21
236,74,0,0,0,0,0,0,0,0,0,0,0,0,0,0,0,99.70%,2015,Lamar Jackson8
237,76,0,0,0,0,0,0,0,0,0,0,0,0,0,0,0,99.70%,2016,Lamar Jackson21
238,76,0,0,0,0,0,0,0,0,0,0,0,0,0,0,0,99.70%,2016,Lamar Jackson8
239,131,0,0,0,0,0,0,0,0,0,0,0,0,0,0,0,99.70%,2017,Lamar Jackson21
240,131,0,0,0,0,0,0,0,0,0,0,0,0,0,0,0,99.70%,2017,Lamar Jackson8
241,29,99,170,58.2,1201,7.1,6,3,16,147,697,5,4,16,157.8,9.9,99.70%,2018,Lamar Jackson21
242,29,99,170,58.2,1201,7.1,6,3,16,147,697,5,4,16,157.8,9.9,99.70%,2018,Lamar Jackson8
243,1,265,401,66.1,3127,7.8,36,6,23,176,1206,7,2,15,421.7,28.1,99.70%,2019,Lamar Jackson21
244,1,265,401,66.1,3127,7.8,36,6,23,176,1206,7,2,15,421.7,28.1,99.70%,2019,Lamar Jackson8
245,75,0,0,0,0,0,0,0,0,0,0,0,0,0,0,0,92.80%,2013,Josh Allen41
246,75,0,0,0,0,0,0,0,0,0,0,0,0,0,0,0,92.80%,2013,Josh Allen17
247,80,0,0,0,0,0,0,0,0,0,0,0,0,0,0,0,92.80%,2014,Josh Allen41
248,80,0,0,0,0,0,0,0,0,0,0,0,0,0,0,0,92.80%,2014,Josh Allen17
249,75,0,0,0,0,0,0,0,0,0,0,0,0,0,0,0,92.80%,2015,Josh Allen41
250,75,0,0,0,0,0,0,0,0,0,0,0,0,0,0,0,92.80%,2015,Josh Allen17
251,134,0,0,0,0,0,0,0,0,0,0,0,0,0,0,0,92.80%,2016,Josh Allen41
252,134,0,0,0,0,0,0,0,0,0,0,0,0,0,0,0,92.80%,2016,Josh Allen17
253,125,0,0,0,0,0,0,0,0,0,0,0,0,0,0,0,92.80%,2017,Josh Allen41
254,125,0,0,0,0,0,0,0,0,0,0,0,0,0,0,0,92.80%,2017,Josh Allen17
255,21,169,320,52.8,2074,6.5,10,12,28,89,631,8,2,12,208.1,17.3,92.80%,2018,Josh Allen41
256,21,169,320,52.8,2074,6.5,10,12,28,89,631,8,2,12,208.1,17.3,92.80%,2018,Josh Allen17
257,6,271,461,58.8,3089,6.7,20,9,38,109,510,9,4,16,297.5,18.6,92.80%,2019,Josh Allen41
258,6,271,461,58.8,3089,6.7,20,9,38,109,510,9,4,16,297.5,18.6,92.80%,2019,Josh Allen17
259,76,0,0,0,0,0,0,0,0,0,0,0,0,0,0,0,0.30%,2013,Cooper Rush7
260,94,0,0,0,0,0,0,0,0,0,0,0,0,0,0,0,0.30%,2014,Cooper Rush7
261,82,0,0,0,0,0,0,0,0,0,0,0,0,0,0,0,0.30%,2015,Cooper Rush7
262,66,0,0,0,0,0,0,0,0,0,0,0,0,0,0,0,0.30%,2016,Cooper Rush7
263,62,1,3,33.3,2,0.7,0,0,0,2,13,0,0,2,1.4,0.7,0.30%,2017,Cooper Rush7
264,71,0,0,0,0,0,0,0,0,0,0,0,0,1,0,0,0.30%,2018,Cooper Rush7
265,66,0,0,0,0,0,0,0,0,0,0,0,0,2,0,0,0.30%,2019,Cooper Rush7
266,77,0,0,0,0,0,0,0,0,0,0,0,0,0,0,0,0.00%,2013,Kevin Davidson10
267,123,0,0,0,0,0,0,0,0,0,0,0,0,0,0,0,0.00%,2014,Kevin Davidson10
268,125,0,0,0,0,0,0,0,0,0,0,0,0,0,0,0,0.00%,2015,Kevin Davidson10
269,113,0,0,0,0,0,0,0,0,0,0,0,0,0,0,0,0.00%,2016,Kevin Davidson10
270,120,0,0,0,0,0,0,0,0,0,0,0,0,0,0,0,0.00%,2017,Kevin Davidson10
271,123,0,0,0,0,0,0,0,0,0,0,0,0,0,0,0,0.00%,2018,Kevin Davidson10
272,86,0,0,0,0,0,0,0,0,0,0,0,0,0,0,0,0.00%,2019,Kevin Davidson10
273,78,0,0,0,0,0,0,0,0,0,0,0,0,0,0,0,0.00%,2013,C.J. Beathard3
274,87,0,0,0,0,0,0,0,0,0,0,0,0,0,0,0,0.00%,2014,C.J. Beathard3
275,84,0,0,0,0,0,0,0,0,0,0,0,0,0,0,0,0.00%,2015,C.J. Beathard3
276,69,0,0,0,0,0,0,0,0,0,0,0,0,0,0,0,0.00%,2016,C.J. Beathard3
277,33,123,224,54.9,1430,6.4,4,6,19,26,136,3,2,7,88.8,12.7,0.00%,2017,C.J. Beathard3
278,37,102,169,60.4,1252,7.4,8,7,18,19,69,1,3,6,75,12.5,0.00%,2018,C.J. Beathard3
279,67,0,0,0,0,0,0,0,0,0,0,0,0,1,0,0,0.00%,2019,C.J. Beathard3
280,79,0,0,0,0,0,0,0,0,0,0,0,0,0,0,0,90.50%,2013,Carson Wentz11
281,97,0,0,0,0,0,0,0,0,0,0,0,0,0,0,0,90.50%,2014,Carson Wentz11
282,92,0,0,0,0,0,0,0,0,0,0,0,0,0,0,0,90.50%,2015,Carson Wentz11
283,24,379,607,62.4,3782,6.2,16,14,33,46,150,2,3,16,213,13.3,90.50%,2016,Carson Wentz11
284,5,265,440,60.2,3296,7.5,33,7,28,64,299,0,3,13,283.7,21.8,90.50%,2017,Carson Wentz11
285,23,279,401,69.6,3074,7.7,21,7,31,34,93,0,6,11,192.4,17.5,90.50%,2018,Carson Wentz11
286,9,388,607,63.9,4039,6.7,27,7,37,62,243,1,7,16,282.9,17.7,90.50%,2019,Carson Wentz11
287,81,0,0,0,0,0,0,0,0,0,0,0,0,0,0,0,1.30%,2013,Jacoby Brissett7
288,86,0,0,0,0,0,0,0,0,0,0,0,0,0,0,0,1.30%,2014,Jacoby Brissett7
289,89,0,0,0,0,0,0,0,0,0,0,0,0,0,0,0,1.30%,2015,Jacoby Brissett7
290,44,34,55,61.8,400,7.3,0,0,6,16,83,1,1,3,28.3,9.4,1.30%,2016,Jacoby Brissett7
291,20,276,469,58.8,3098,6.6,13,7,52,63,260,4,3,16,206,12.9,1.30%,2017,Jacoby Brissett7
292,166,2,4,50,2,0.5,0,0,0,7,-7,0,0,4,-0.6,-0.2,1.30%,2018,Jacoby Brissett7
293,24,272,447,60.9,2942,6.6,18,6,27,56,228,4,5,15,222.7,14.8,1.30%,2019,Jacoby Brissett7
294,82,0,0,0,0,0,0,0,0,0,0,0,0,0,0,0,0.10%,2013,Jeff Driskel9
295,99,0,0,0,0,0,0,0,0,0,0,0,0,0,0,0,0.10%,2014,Jeff Driskel9
296,85,0,0,0,0,0,0,0,0,0,0,0,0,0,0,0,0.10%,2015,Jeff Driskel9
297,81,0,0,0,0,0,0,0,0,0,0,0,0,0,0,0,0.10%,2016,Jeff Driskel9
298,86,0,0,0,0,0,0,0,0,0,0,0,0,0,0,0,0.10%,2017,Jeff Driskel9
299,35,105,177,59.3,1003,5.7,6,2,16,25,130,2,1,9,85.1,9.5,0.10%,2018,Jeff Driskel9
300,38,62,105,59,685,6.5,4,4,11,22,151,1,0,4,61.2,15.3,0.10%,2019,Jeff Driskel9
301,83,0,0,0,0,0,0,0,0,0,0,0,0,0,0,0,96.20%,2013,Dak Prescott4
302,98,0,0,0,0,0,0,0,0,0,0,0,0,0,0,0,96.20%,2014,Dak Prescott4
303,91,0,0,0,0,0,0,0,0,0,0,0,0,0,0,0,96.20%,2015,Dak Prescott4
304,6,311,459,67.8,3667,8,23,4,25,57,282,6,4,16,287.1,17.9,96.20%,2016,Dak Prescott4
305,10,308,490,62.9,3324,6.8,22,13,32,57,357,6,3,16,260.8,16.3,96.20%,2017,Dak Prescott4
306,10,356,526,67.7,3884,7.4,22,8,56,75,305,6,6,16,285.7,17.9,96.20%,2018,Dak Prescott4
307,2,388,596,65.1,4902,8.2,30,11,23,52,277,3,2,16,348.9,21.8,96.20%,2019,Dak Prescott4
308,84,0,0,0,0,0,0,0,0,0,0,0,0,0,0,0,36.70%,2013,Jared Goff16
309,95,0,0,0,0,0,0,0,0,0,0,0,0,0,0,0,36.70%,2014,Jared Goff16
310,93,0,0,0,0,0,0,0,0,0,0,0,0,0,0,0,36.70%,2015,Jared Goff16
311,37,112,205,54.6,1089,5.3,5,7,26,8,16,1,2,7,53.2,7.6,36.70%,2016,Jared Goff16
312,12,296,477,62.1,3804,8,28,7,25,28,51,1,3,15,255.5,17,36.70%,2017,Jared Goff16
313,7,364,561,64.9,4688,8.4,32,12,33,43,108,2,5,16,310.3,19.4,36.70%,2018,Jared Goff16
314,13,394,626,62.9,4638,7.4,22,16,22,33,40,2,5,16,263.5,16.5,36.70%,2019,Jared Goff16
315,85,0,0,0,0,0,0,0,0,0,0,0,0,0,0,0,0.00%,2013,Paxton Lynch5
316,71,0,0,0,0,0,0,0,0,0,0,0,0,0,0,0,0.00%,2014,Paxton Lynch5
317,94,0,0,0,0,0,0,0,0,0,0,0,0,0,0,0,0.00%,2015,Paxton Lynch5
318,43,49,83,59,497,6,2,1,9,11,25,0,0,3,28.4,9.5,0.00%,2016,Paxton Lynch5
319,49,30,45,66.7,295,6.6,2,3,9,5,30,0,1,2,15.1,7.6,0.00%,2017,Paxton Lynch5
320,76,0,0,0,0,0,0,0,0,0,0,0,0,0,0,0,0.00%,2018,Paxton Lynch5
321,76,0,0,0,0,0,0,0,0,0,0,0,0,0,0,0,0.00%,2019,Paxton Lynch5
322,87,0,0,0,0,0,0,0,0,0,0,0,0,0,0,0,0.00%,2013,Davis Webb7
323,88,0,0,0,0,0,0,0,0,0,0,0,0,0,0,0,0.00%,2014,Davis Webb7
324,96,0,0,0,0,0,0,0,0,0,0,0,0,0,0,0,0.00%,2015,Davis Webb7
325,70,0,0,0,0,0,0,0,0,0,0,0,0,0,0,0,0.00%,2016,Davis Webb7
326,73,0,0,0,0,0,0,0,0,0,0,0,0,0,0,0,0.00%,2017,Davis Webb7
327,67,0,0,0,0,0,0,0,0,0,0,0,0,0,0,0,0.00%,2018,Davis Webb7
328,68,0,0,0,0,0,0,0,0,0,0,0,0,0,0,0,0.00%,2019,Davis Webb7
329,88,0,0,0,0,0,0,0,0,0,0,0,0,0,0,0,0.10%,2013,Joshua Dobbs11
330,84,0,0,0,0,0,0,0,0,0,0,0,0,0,0,0,0.10%,2014,Joshua Dobbs11
331,97,0,0,0,0,0,0,0,0,0,0,0,0,0,0,0,0.10%,2015,Joshua Dobbs11
332,68,0,0,0,0,0,0,0,0,0,0,0,0,0,0,0,0.10%,2016,Joshua Dobbs11
333,74,0,0,0,0,0,0,0,0,0,0,0,0,0,0,0,0.10%,2017,Joshua Dobbs11
334,62,6,12,50,43,3.6,0,1,0,4,11,0,0,5,0.9,0.2,0.10%,2018,Joshua Dobbs11
335,70,0,0,0,0,0,0,0,0,0,0,0,0,1,0,0,0.10%,2019,Joshua Dobbs11
336,89,0,0,0,0,0,0,0,0,0,0,0,0,0,0,0,0.00%,2013,Chad Kelly6
337,89,0,0,0,0,0,0,0,0,0,0,0,0,0,0,0,0.00%,2014,Chad Kelly6
338,98,0,0,0,0,0,0,0,0,0,0,0,0,0,0,0,0.00%,2015,Chad Kelly6
339,67,0,0,0,0,0,0,0,0,0,0,0,0,0,0,0,0.00%,2016,Chad Kelly6
340,71,0,0,0,0,0,0,0,0,0,0,0,0,0,0,0,0.00%,2017,Chad Kelly6
341,163,0,0,0,0,0,0,0,0,1,-1,0,0,1,-0.1,-0.1,0.00%,2018,Chad Kelly6
342,69,0,0,0,0,0,0,0,0,0,0,0,0,1,0,0,0.00%,2019,Chad Kelly6
343,90,0,0,0,0,0,0,0,0,0,0,0,0,0,0,0,0.20%,2013,Nathan Peterman3
344,90,0,0,0,0,0,0,0,0,0,0,0,0,0,0,0,0.20%,2014,Nathan Peterman3
345,99,0,0,0,0,0,0,0,0,0,0,0,0,0,0,0,0.20%,2015,Nathan Peterman3
346,79,0,0,0,0,0,0,0,0,0,0,0,0,0,0,0,0.20%,2016,Nathan Peterman3
347,52,24,49,49,252,5.1,2,5,1,7,23,0,0,4,10.4,2.6,0.20%,2017,Nathan Peterman3
348,51,44,81,54.3,297,3.7,1,7,7,10,49,1,0,4,12.8,3.2,0.20%,2018,Nathan Peterman3
349,73,0,0,0,0,0,0,0,0,0,0,0,0,0,0,0,0.20%,2019,Nathan Peterman3
350,91,0,0,0,0,0,0,0,0,0,0,0,0,0,0,0,99.90%,2013,Patrick Mahomes15
351,91,0,0,0,0,0,0,0,0,0,0,0,0,0,0,0,99.90%,2014,Patrick Mahomes15
352,100,0,0,0,0,0,0,0,0,0,0,0,0,0,0,0,99.90%,2015,Patrick Mahomes15
353,80,0,0,0,0,0,0,0,0,0,0,0,0,0,0,0,99.90%,2016,Patrick Mahomes15
354,51,22,35,62.9,284,8.1,0,1,2,7,10,0,0,1,10.4,10.4,99.90%,2017,Patrick Mahomes15
355,1,383,580,66,5097,8.8,50,12,26,60,272,2,2,16,417,26.1,99.90%,2018,Patrick Mahomes15
356,8,319,484,65.9,4031,8.3,26,5,17,43,218,2,2,14,291.9,20.9,99.90%,2019,Patrick Mahomes15
357,92,0,0,0,0,0,0,0,0,0,0,0,0,0,0,0,99.60%,2013,Deshaun Watson4
358,92,0,0,0,0,0,0,0,0,0,0,0,0,0,0,0,99.60%,2014,Deshaun Watson4
359,101,0,0,0,0,0,0,0,0,0,0,0,0,0,0,0,99.60%,2015,Deshaun Watson4
360,85,0,0,0,0,0,0,0,0,0,0,0,0,0,0,0,99.60%,2016,Deshaun Watson4
361,26,126,204,61.8,1699,8.3,19,8,19,36,269,2,1,7,168.8,24.1,99.60%,2017,Deshaun Watson4
362,4,345,505,68.3,4165,8.2,26,9,62,99,551,5,3,16,331.9,20.7,99.60%,2018,Deshaun Watson4
363,5,333,495,67.3,3852,7.8,26,12,44,82,413,7,3,15,332,22.1,99.60%,2019,Deshaun Watson4
364,93,0,0,0,0,0,0,0,0,0,0,0,0,0,0,0,0.00%,2013,Mike White5
365,101,0,0,0,0,0,0,0,0,0,0,0,0,0,0,0,0.00%,2014,Mike White5
366,106,0,0,0,0,0,0,0,0,0,0,0,0,0,0,0,0.00%,2015,Mike White5
367,132,0,0,0,0,0,0,0,0,0,0,0,0,0,0,0,0.00%,2016,Mike White5
368,122,0,0,0,0,0,0,0,0,0,0,0,0,0,0,0,0.00%,2017,Mike White5
369,128,0,0,0,0,0,0,0,0,0,0,0,0,0,0,0,0.00%,2018,Mike White5
370,112,0,0,0,0,0,0,0,0,0,0,0,0,0,0,0,0.00%,2019,Mike White5
371,95,0,0,0,0,0,0,0,0,0,0,0,0,0,0,0,0.10%,2013,Nate Sudfeld7
372,75,0,0,0,0,0,0,0,0,0,0,0,0,0,0,0,0.10%,2014,Nate Sudfeld7
373,95,0,0,0,0,0,0,0,0,0,0,0,0,0,0,0,0.10%,2015,Nate Sudfeld7
374,91,0,0,0,0,0,0,0,0,0,0,0,0,0,0,0,0.10%,2016,Nate Sudfeld7
375,56,19,23,82.6,134,5.8,0,0,3,1,22,0,0,1,7.6,7.6,0.10%,2017,Nate Sudfeld7
376,57,1,2,50,22,11,1,0,0,2,-2,0,0,2,4.7,2.4,0.10%,2018,Nate Sudfeld7
377,74,0,0,0,0,0,0,0,0,0,0,0,0,1,0,0,0.10%,2019,Nate Sudfeld7
378,96,0,0,0,0,0,0,0,0,0,0,0,0,0,0,0,0.00%,2013,Nick Tiano
379,76,0,0,0,0,0,0,0,0,0,0,0,0,0,0,0,0.00%,2014,Nick Tiano
380,87,0,0,0,0,0,0,0,0,0,0,0,0,0,0,0,0.00%,2015,Nick Tiano
381,83,0,0,0,0,0,0,0,0,0,0,0,0,0,0,0,0.00%,2016,Nick Tiano
382,80,0,0,0,0,0,0,0,0,0,0,0,0,0,0,0,0.00%,2017,Nick Tiano
383,83,0,0,0,0,0,0,0,0,0,0,0,0,0,0,0,0.00%,2018,Nick Tiano
384,97,0,0,0,0,0,0,0,0,0,0,0,0,0,0,0,0.00%,2019,Nick Tiano
385,97,0,0,0,0,0,0,0,0,0,0,0,0,0,0,0,0.00%,2013,Jake Rudock5
386,77,0,0,0,0,0,0,0,0,0,0,0,0,0,0,0,0.00%,2014,Jake Rudock5
387,104,0,0,0,0,0,0,0,0,0,0,0,0,0,0,0,0.00%,2015,Jake Rudock5
388,90,0,0,0,0,0,0,0,0,0,0,0,0,0,0,0,0.00%,2016,Jake Rudock5
389,177,3,5,60,24,4.8,0,1,0,0,0,0,0,3,-1,-0.3,0.00%,2017,Jake Rudock5
390,78,0,0,0,0,0,0,0,0,0,0,0,0,0,0,0,0.00%,2018,Jake Rudock5
391,77,0,0,0,0,0,0,0,0,0,0,0,0,0,0,0,0.00%,2019,Jake Rudock5
392,98,0,0,0,0,0,0,0,0,0,0,0,0,0,0,0,0.00%,2013,DeShone Kizer14
393,93,0,0,0,0,0,0,0,0,0,0,0,0,0,0,0,0.00%,2014,DeShone Kizer14
394,102,0,0,0,0,0,0,0,0,0,0,0,0,0,0,0,0.00%,2015,DeShone Kizer14
395,86,0,0,0,0,0,0,0,0,0,0,0,0,0,0,0,0.00%,2016,DeShone Kizer14
396,25,255,476,53.6,2894,6.1,11,22,38,77,419,5,6,15,175.9,11.7,0.00%,2017,DeShone Kizer14
397,56,20,42,47.6,187,4.5,0,2,4,5,39,0,1,3,5.4,1.8,0.00%,2018,DeShone Kizer14
398,78,0,0,0,0,0,0,0,0,0,0,0,0,0,0,0,0.00%,2019,DeShone Kizer14
399,99,0,0,0,0,0,0,0,0,0,0,0,0,0,0,0,0.00%,2013,Case Cookus15
400,115,0,0,0,0,0,0,0,0,0,0,0,0,0,0,0,0.00%,2014,Case Cookus15
401,72,0,0,0,0,0,0,0,0,0,0,0,0,0,0,0,0.00%,2015,Case Cookus15
402,75,0,0,0,0,0,0,0,0,0,0,0,0,0,0,0,0.00%,2016,Case Cookus15
403,76,0,0,0,0,0,0,0,0,0,0,0,0,0,0,0,0.00%,2017,Case Cookus15
404,74,0,0,0,0,0,0,0,0,0,0,0,0,0,0,0,0.00%,2018,Case Cookus15
405,101,0,0,0,0,0,0,0,0,0,0,0,0,0,0,0,0.00%,2019,Case Cookus15
406,100,0,0,0,0,0,0,0,0,0,0,0,0,0,0,0,2.00%,2013,Joe Burrow9
407,102,0,0,0,0,0,0,0,0,0,0,0,0,0,0,0,2.00%,2014,Joe Burrow9
408,135,0,0,0,0,0,0,0,0,0,0,0,0,0,0,0,2.00%,2015,Joe Burrow9
409,98,0,0,0,0,0,0,0,0,0,0,0,0,0,0,0,2.00%,2016,Joe Burrow9
410,114,0,0,0,0,0,0,0,0,0,0,0,0,0,0,0,2.00%,2017,Joe Burrow9
411,104,0,0,0,0,0,0,0,0,0,0,0,0,0,0,0,2.00%,2018,Joe Burrow9
412,94,0,0,0,0,0,0,0,0,0,0,0,0,0,0,0,2.00%,2019,Joe Burrow9
413,101,0,0,0,0,0,0,0,0,0,0,0,0,0,0,0,0.00%,2013,Jordan Ta'amu8
414,113,0,0,0,0,0,0,0,0,0,0,0,0,0,0,0,0.00%,2014,Jordan Ta'amu8
415,136,0,0,0,0,0,0,0,0,0,0,0,0,0,0,0,0.00%,2015,Jordan Ta'amu8
416,99,0,0,0,0,0,0,0,0,0,0,0,0,0,0,0,0.00%,2016,Jordan Ta'amu8
417,115,0,0,0,0,0,0,0,0,0,0,0,0,0,0,0,0.00%,2017,Jordan Ta'amu8
418,105,0,0,0,0,0,0,0,0,0,0,0,0,0,0,0,0.00%,2018,Jordan Ta'amu8
419,95,0,0,0,0,0,0,0,0,0,0,0,0,0,0,0,0.00%,2019,Jordan Ta'amu8
420,102,0,0,0,0,0,0,0,0,0,0,0,0,0,0,0,0.20%,2013,Devlin Hodges6
421,114,0,0,0,0,0,0,0,0,0,0,0,0,0,0,0,0.20%,2014,Devlin Hodges6
422,107,0,0,0,0,0,0,0,0,0,0,0,0,0,0,0,0.20%,2015,Devlin Hodges6
423,100,0,0,0,0,0,0,0,0,0,0,0,0,0,0,0,0.20%,2016,Devlin Hodges6
424,116,0,0,0,0,0,0,0,0,0,0,0,0,0,0,0,0.20%,2017,Devlin Hodges6
425,106,0,0,0,0,0,0,0,0,0,0,0,0,0,0,0,0.20%,2018,Devlin Hodges6
426,40,100,160,62.5,1063,6.6,5,8,15,21,68,0,1,8,59.4,7.4,0.20%,2019,Devlin Hodges6
427,103,0,0,0,0,0,0,0,0,0,0,0,0,0,0,0,0.00%,2013,Drew Anderson3
428,117,0,0,0,0,0,0,0,0,0,0,0,0,0,0,0,0.00%,2014,Drew Anderson3
429,109,0,0,0,0,0,0,0,0,0,0,0,0,0,0,0,0.00%,2015,Drew Anderson3
430,95,0,0,0,0,0,0,0,0,0,0,0,0,0,0,0,0.00%,2016,Drew Anderson3
431,111,0,0,0,0,0,0,0,0,0,0,0,0,0,0,0,0.00%,2017,Drew Anderson3
432,107,0,0,0,0,0,0,0,0,0,0,0,0,0,0,0,0.00%,2018,Drew Anderson3
433,115,0,0,0,0,0,0,0,0,0,0,0,0,1,0,0,0.00%,2019,Drew Anderson3
434,104,0,0,0,0,0,0,0,0,0,0,0,0,0,0,0,0.00%,2013,John Lovett40
435,139,0,0,0,0,0,0,0,0,0,0,0,0,0,0,0,0.00%,2014,John Lovett40
436,110,0,0,0,0,0,0,0,0,0,0,0,0,0,0,0,0.00%,2015,John Lovett40
437,102,0,0,0,0,0,0,0,0,0,0,0,0,0,0,0,0.00%,2016,John Lovett40
438,91,0,0,0,0,0,0,0,0,0,0,0,0,0,0,0,0.00%,2017,John Lovett40
439,112,0,0,0,0,0,0,0,0,0,0,0,0,0,0,0,0.00%,2018,John Lovett40
440,116,0,0,0,0,0,0,0,0,0,0,0,0,0,0,0,0.00%,2019,John Lovett40
441,105,0,0,0,0,0,0,0,0,0,0,0,0,0,0,0,0.10%,2013,David Blough10
442,141,0,0,0,0,0,0,0,0,0,0,0,0,0,0,0,0.10%,2014,David Blough10
443,111,0,0,0,0,0,0,0,0,0,0,0,0,0,0,0,0.10%,2015,David Blough10
444,103,0,0,0,0,0,0,0,0,0,0,0,0,0,0,0,0.10%,2016,David Blough10
445,92,0,0,0,0,0,0,0,0,0,0,0,0,0,0,0,0.10%,2017,David Blough10
446,113,0,0,0,0,0,0,0,0,0,0,0,0,0,0,0,0.10%,2018,David Blough10
447,39,94,174,54,984,5.7,4,6,14,8,31,0,0,5,60.4,12.1,0.10%,2019,David Blough10
448,106,0,0,0,0,0,0,0,0,0,0,0,0,0,0,0,0.00%,2013,Jake Dolegala7
449,142,0,0,0,0,0,0,0,0,0,0,0,0,0,0,0,0.00%,2014,Jake Dolegala7
450,112,0,0,0,0,0,0,0,0,0,0,0,0,0,0,0,0.00%,2015,Jake Dolegala7
451,104,0,0,0,0,0,0,0,0,0,0,0,0,0,0,0,0.00%,2016,Jake Dolegala7
452,93,0,0,0,0,0,0,0,0,0,0,0,0,0,0,0,0.00%,2017,Jake Dolegala7
453,114,0,0,0,0,0,0,0,0,0,0,0,0,0,0,0,0.00%,2018,Jake Dolegala7
454,117,0,0,0,0,0,0,0,0,0,0,0,0,0,0,0,0.00%,2019,Jake Dolegala7
455,107,0,0,0,0,0,0,0,0,0,0,0,0,0,0,0,0.40%,2013,Justin Herbert10
456,143,0,0,0,0,0,0,0,0,0,0,0,0,0,0,0,0.40%,2014,Justin Herbert10
457,113,0,0,0,0,0,0,0,0,0,0,0,0,0,0,0,0.40%,2015,Justin Herbert10
458,105,0,0,0,0,0,0,0,0,0,0,0,0,0,0,0,0.40%,2016,Justin Herbert10
459,94,0,0,0,0,0,0,0,0,0,0,0,0,0,0,0,0.40%,2017,Justin Herbert10
460,109,0,0,0,0,0,0,0,0,0,0,0,0,0,0,0,0.40%,2018,Justin Herbert10
461,118,0,0,0,0,0,0,0,0,0,0,0,0,0,0,0,0.40%,2019,Justin Herbert10
462,108,0,0,0,0,0,0,0,0,0,0,0,0,0,0,0,1.00%,2013,Tua Tagovailoa0
463,110,0,0,0,0,0,0,0,0,0,0,0,0,0,0,0,1.00%,2014,Tua Tagovailoa0
464,134,0,0,0,0,0,0,0,0,0,0,0,0,0,0,0,1.00%,2015,Tua Tagovailoa0
465,97,0,0,0,0,0,0,0,0,0,0,0,0,0,0,0,1.00%,2016,Tua Tagovailoa0
466,113,0,0,0,0,0,0,0,0,0,0,0,0,0,0,0,1.00%,2017,Tua Tagovailoa0
467,124,0,0,0,0,0,0,0,0,0,0,0,0,0,0,0,1.00%,2018,Tua Tagovailoa0
468,93,0,0,0,0,0,0,0,0,0,0,0,0,0,0,0,1.00%,2019,Tua Tagovailoa0
469,109,0,0,0,0,0,0,0,0,0,0,0,0,0,0,0,98.80%,2013,Kyler Murray1
470,145,0,0,0,0,0,0,0,0,0,0,0,0,0,0,0,98.80%,2014,Kyler Murray1
471,115,0,0,0,0,0,0,0,0,0,0,0,0,0,0,0,98.80%,2015,Kyler Murray1
472,123,0,0,0,0,0,0,0,0,0,0,0,0,0,0,0,98.80%,2016,Kyler Murray1
473,89,0,0,0,0,0,0,0,0,0,0,0,0,0,0,0,98.80%,2017,Kyler Murray1
474,100,0,0,0,0,0,0,0,0,0,0,0,0,0,0,0,98.80%,2018,Kyler Murray1
475,7,349,542,64.4,3722,6.9,20,12,48,93,544,4,2,16,297.3,18.6,98.80%,2019,Kyler Murray1
476,110,0,0,0,0,0,0,0,0,0,0,0,0,0,0,0,0.00%,2013,Chris Streveler15
477,119,0,0,0,0,0,0,0,0,0,0,0,0,0,0,0,0.00%,2014,Chris Streveler15
478,108,0,0,0,0,0,0,0,0,0,0,0,0,0,0,0,0.00%,2015,Chris Streveler15
479,110,0,0,0,0,0,0,0,0,0,0,0,0,0,0,0,0.00%,2016,Chris Streveler15
480,70,0,0,0,0,0,0,0,0,0,0,0,0,0,0,0,0.00%,2017,Chris Streveler15
481,68,0,0,0,0,0,0,0,0,0,0,0,0,0,0,0,0.00%,2018,Chris Streveler15
482,106,0,0,0,0,0,0,0,0,0,0,0,0,0,0,0,0.00%,2019,Chris Streveler15
483,111,0,0,0,0,0,0,0,0,0,0,0,0,0,0,0,0.00%,2013,Brian Lewerke
484,124,0,0,0,0,0,0,0,0,0,0,0,0,0,0,0,0.00%,2014,Brian Lewerke
485,144,0,0,0,0,0,0,0,0,0,0,0,0,0,0,0,0.00%,2015,Brian Lewerke
486,109,0,0,0,0,0,0,0,0,0,0,0,0,0,0,0,0.00%,2016,Brian Lewerke
487,90,0,0,0,0,0,0,0,0,0,0,0,0,0,0,0,0.00%,2017,Brian Lewerke
488,122,0,0,0,0,0,0,0,0,0,0,0,0,0,0,0,0.00%,2018,Brian Lewerke
489,96,0,0,0,0,0,0,0,0,0,0,0,0,0,0,0,0.00%,2019,Brian Lewerke
490,112,0,0,0,0,0,0,0,0,0,0,0,0,0,0,0,0.00%,2013,Riley Neal6
491,121,0,0,0,0,0,0,0,0,0,0,0,0,0,0,0,0.00%,2014,Riley Neal6
492,127,0,0,0,0,0,0,0,0,0,0,0,0,0,0,0,0.00%,2015,Riley Neal6
493,112,0,0,0,0,0,0,0,0,0,0,0,0,0,0,0,0.00%,2016,Riley Neal6
494,124,0,0,0,0,0,0,0,0,0,0,0,0,0,0,0,0.00%,2017,Riley Neal6
495,86,0,0,0,0,0,0,0,0,0,0,0,0,0,0,0,0.00%,2018,Riley Neal6
496,105,0,0,0,0,0,0,0,0,0,0,0,0,0,0,0,0.00%,2019,Riley Neal6
497,113,0,0,0,0,0,0,0,0,0,0,0,0,0,0,0,0.00%,2013,James Morgan12
498,125,0,0,0,0,0,0,0,0,0,0,0,0,0,0,0,0.00%,2014,James Morgan12
499,83,0,0,0,0,0,0,0,0,0,0,0,0,0,0,0,0.00%,2015,James Morgan12
500,114,0,0,0,0,0,0,0,0,0,0,0,0,0,0,0,0.00%,2016,James Morgan12
501,101,0,0,0,0,0,0,0,0,0,0,0,0,0,0,0,0.00%,2017,James Morgan12
502,119,0,0,0,0,0,0,0,0,0,0,0,0,0,0,0,0.00%,2018,James Morgan12
503,79,0,0,0,0,0,0,0,0,0,0,0,0,0,0,0,0.00%,2019,James Morgan12
504,114,0,0,0,0,0,0,0,0,0,0,0,0,0,0,0,0.00%,2013,Jake Luton6
505,126,0,0,0,0,0,0,0,0,0,0,0,0,0,0,0,0.00%,2014,Jake Luton6
506,120,0,0,0,0,0,0,0,0,0,0,0,0,0,0,0,0.00%,2015,Jake Luton6
507,116,0,0,0,0,0,0,0,0,0,0,0,0,0,0,0,0.00%,2016,Jake Luton6
508,117,0,0,0,0,0,0,0,0,0,0,0,0,0,0,0,0.00%,2017,Jake Luton6
509,115,0,0,0,0,0,0,0,0,0,0,0,0,0,0,0,0.00%,2018,Jake Luton6
510,80,0,0,0,0,0,0,0,0,0,0,0,0,0,0,0,0.00%,2019,Jake Luton6
511,115,0,0,0,0,0,0,0,0,0,0,0,0,0,0,0,0.00%,2013,Steven Montez6
512,127,0,0,0,0,0,0,0,0,0,0,0,0,0,0,0,0.00%,2014,Steven Montez6
513,121,0,0,0,0,0,0,0,0,0,0,0,0,0,0,0,0.00%,2015,Steven Montez6
514,117,0,0,0,0,0,0,0,0,0,0,0,0,0,0,0,0.00%,2016,Steven Montez6
515,104,0,0,0,0,0,0,0,0,0,0,0,0,0,0,0,0.00%,2017,Steven Montez6
516,117,0,0,0,0,0,0,0,0,0,0,0,0,0,0,0,0.00%,2018,Steven Montez6
517,81,0,0,0,0,0,0,0,0,0,0,0,0,0,0,0,0.00%,2019,Steven Montez6
518,116,0,0,0,0,0,0,0,0,0,0,0,0,0,0,0,0.00%,2013,Khalil Tate
519,120,0,0,0,0,0,0,0,0,0,0,0,0,0,0,0,0.00%,2014,Khalil Tate
520,118,0,0,0,0,0,0,0,0,0,0,0,0,0,0,0,0.00%,2015,Khalil Tate
521,111,0,0,0,0,0,0,0,0,0,0,0,0,0,0,0,0.00%,2016,Khalil Tate
522,69,0,0,0,0,0,0,0,0,0,0,0,0,0,0,0,0.00%,2017,Khalil Tate
523,79,0,0,0,0,0,0,0,0,0,0,0,0,0,0,0,0.00%,2018,Khalil Tate
524,107,0,0,0,0,0,0,0,0,0,0,0,0,0,0,0,0.00%,2019,Khalil Tate
525,117,0,0,0,0,0,0,0,0,0,0,0,0,0,0,0,0.00%,2013,Cole McDonald13
526,128,0,0,0,0,0,0,0,0,0,0,0,0,0,0,0,0.00%,2014,Cole McDonald13
527,122,0,0,0,0,0,0,0,0,0,0,0,0,0,0,0,0.00%,2015,Cole McDonald13
528,118,0,0,0,0,0,0,0,0,0,0,0,0,0,0,0,0.00%,2016,Cole McDonald13
529,67,0,0,0,0,0,0,0,0,0,0,0,0,0,0,0,0.00%,2017,Cole McDonald13
530,116,0,0,0,0,0,0,0,0,0,0,0,0,0,0,0,0.00%,2018,Cole McDonald13
531,82,0,0,0,0,0,0,0,0,0,0,0,0,0,0,0,0.00%,2019,Cole McDonald13
532,118,0,0,0,0,0,0,0,0,0,0,0,0,0,0,0,0.00%,2013,Nate Stanley7
533,129,0,0,0,0,0,0,0,0,0,0,0,0,0,0,0,0.00%,2014,Nate Stanley7
534,123,0,0,0,0,0,0,0,0,0,0,0,0,0,0,0,0.00%,2015,Nate Stanley7
535,119,0,0,0,0,0,0,0,0,0,0,0,0,0,0,0,0.00%,2016,Nate Stanley7
536,130,0,0,0,0,0,0,0,0,0,0,0,0,0,0,0,0.00%,2017,Nate Stanley7
537,125,0,0,0,0,0,0,0,0,0,0,0,0,0,0,0,0.00%,2018,Nate Stanley7
538,83,0,0,0,0,0,0,0,0,0,0,0,0,0,0,0,0.00%,2019,Nate Stanley7
539,119,0,0,0,0,0,0,0,0,0,0,0,0,0,0,0,0.00%,2013,Jacob Eason9
540,108,0,0,0,0,0,0,0,0,0,0,0,0,0,0,0,0.00%,2014,Jacob Eason9
541,133,0,0,0,0,0,0,0,0,0,0,0,0,0,0,0,0.00%,2015,Jacob Eason9
542,96,0,0,0,0,0,0,0,0,0,0,0,0,0,0,0,0.00%,2016,Jacob Eason9
543,112,0,0,0,0,0,0,0,0,0,0,0,0,0,0,0,0.00%,2017,Jacob Eason9
544,85,0,0,0,0,0,0,0,0,0,0,0,0,0,0,0,0.00%,2018,Jacob Eason9
545,92,0,0,0,0,0,0,0,0,0,0,0,0,0,0,0,0.00%,2019,Jacob Eason9
546,120,0,0,0,0,0,0,0,0,0,0,0,0,0,0,0,0.00%,2013,Bryce Perkins3
547,122,0,0,0,0,0,0,0,0,0,0,0,0,0,0,0,0.00%,2014,Bryce Perkins3
548,124,0,0,0,0,0,0,0,0,0,0,0,0,0,0,0,0.00%,2015,Bryce Perkins3
549,120,0,0,0,0,0,0,0,0,0,0,0,0,0,0,0,0.00%,2016,Bryce Perkins3
550,105,0,0,0,0,0,0,0,0,0,0,0,0,0,0,0,0.00%,2017,Bryce Perkins3
551,132,0,0,0,0,0,0,0,0,0,0,0,0,0,0,0,0.00%,2018,Bryce Perkins3
552,84,0,0,0,0,0,0,0,0,0,0,0,0,0,0,0,0.00%,2019,Bryce Perkins3
553,121,0,0,0,0,0,0,0,0,0,0,0,0,0,0,0,0.00%,2013,Shea Patterson
554,118,0,0,0,0,0,0,0,0,0,0,0,0,0,0,0,0.00%,2014,Shea Patterson
555,126,0,0,0,0,0,0,0,0,0,0,0,0,0,0,0,0.00%,2015,Shea Patterson
556,121,0,0,0,0,0,0,0,0,0,0,0,0,0,0,0,0.00%,2016,Shea Patterson
557,106,0,0,0,0,0,0,0,0,0,0,0,0,0,0,0,0.00%,2017,Shea Patterson
558,131,0,0,0,0,0,0,0,0,0,0,0,0,0,0,0,0.00%,2018,Shea Patterson
559,85,0,0,0,0,0,0,0,0,0,0,0,0,0,0,0,0.00%,2019,Shea Patterson
560,122,0,0,0,0,0,0,0,0,0,0,0,0,0,0,0,0.00%,2013,Anthony Gordon18
561,103,0,0,0,0,0,0,0,0,0,0,0,0,0,0,0,0.00%,2014,Anthony Gordon18
562,128,0,0,0,0,0,0,0,0,0,0,0,0,0,0,0,0.00%,2015,Anthony Gordon18
563,122,0,0,0,0,0,0,0,0,0,0,0,0,0,0,0,0.00%,2016,Anthony Gordon18
564,107,0,0,0,0,0,0,0,0,0,0,0,0,0,0,0,0.00%,2017,Anthony Gordon18
565,101,0,0,0,0,0,0,0,0,0,0,0,0,0,0,0,0.00%,2018,Anthony Gordon18
566,87,0,0,0,0,0,0,0,0,0,0,0,0,0,0,0,0.00%,2019,Anthony Gordon18
567,123,0,0,0,0,0,0,0,0,0,0,0,0,0,0,0,0.00%,2013,Tyler Huntley1
568,104,0,0,0,0,0,0,0,0,0,0,0,0,0,0,0,0.00%,2014,Tyler Huntley1
569,129,0,0,0,0,0,0,0,0,0,0,0,0,0,0,0,0.00%,2015,Tyler Huntley1
570,115,0,0,0,0,0,0,0,0,0,0,0,0,0,0,0,0.00%,2016,Tyler Huntley1
571,108,0,0,0,0,0,0,0,0,0,0,0,0,0,0,0,0.00%,2017,Tyler Huntley1
572,111,0,0,0,0,0,0,0,0,0,0,0,0,0,0,0,0.00%,2018,Tyler Huntley1
573,88,0,0,0,0,0,0,0,0,0,0,0,0,0,0,0,0.00%,2019,Tyler Huntley1
574,124,0,0,0,0,0,0,0,0,0,0,0,0,0,0,0,0.10%,2013,Jalen Hurts1
575,105,0,0,0,0,0,0,0,0,0,0,0,0,0,0,0,0.10%,2014,Jalen Hurts1
576,130,0,0,0,0,0,0,0,0,0,0,0,0,0,0,0,0.10%,2015,Jalen Hurts1
577,108,0,0,0,0,0,0,0,0,0,0,0,0,0,0,0,0.10%,2016,Jalen Hurts1
578,109,0,0,0,0,0,0,0,0,0,0,0,0,0,0,0,0.10%,2017,Jalen Hurts1
579,110,0,0,0,0,0,0,0,0,0,0,0,0,0,0,0,0.10%,2018,Jalen Hurts1
580,89,0,0,0,0,0,0,0,0,0,0,0,0,0,0,0,0.10%,2019,Jalen Hurts1
581,125,0,0,0,0,0,0,0,0,0,0,0,0,0,0,0,0.10%,2013,Jordan Love10
582,106,0,0,0,0,0,0,0,0,0,0,0,0,0,0,0,0.10%,2014,Jordan Love10
583,131,0,0,0,0,0,0,0,0,0,0,0,0,0,0,0,0.10%,2015,Jordan Love10
584,101,0,0,0,0,0,0,0,0,0,0,0,0,0,0,0,0.10%,2016,Jordan Love10
585,103,0,0,0,0,0,0,0,0,0,0,0,0,0,0,0,0.10%,2017,Jordan Love10
586,103,0,0,0,0,0,0,0,0,0,0,0,0,0,0,0,0.10%,2018,Jordan Love10
587,90,0,0,0,0,0,0,0,0,0,0,0,0,0,0,0,0.10%,2019,Jordan Love10
588,126,0,0,0,0,0,0,0,0,0,0,0,0,0,0,0,0.00%,2013,Jake Fromm10
589,107,0,0,0,0,0,0,0,0,0,0,0,0,0,0,0,0.00%,2014,Jake Fromm10
590,132,0,0,0,0,0,0,0,0,0,0,0,0,0,0,0,0.00%,2015,Jake Fromm10
591,107,0,0,0,0,0,0,0,0,0,0,0,0,0,0,0,0.00%,2016,Jake Fromm10
592,110,0,0,0,0,0,0,0,0,0,0,0,0,0,0,0,0.00%,2017,Jake Fromm10
593,108,0,0,0,0,0,0,0,0,0,0,0,0,0,0,0,0.00%,2018,Jake Fromm10
594,91,0,0,0,0,0,0,0,0,0,0,0,0,0,0,0,0.00%,2019,Jake Fromm10
595,127,0,0,0,0,0,0,0,0,0,0,0,0,0,0,0,4.40%,2013,Jarrett Stidham4
596,144,0,0,0,0,0,0,0,0,0,0,0,0,0,0,0,4.40%,2014,Jarrett Stidham4
597,114,0,0,0,0,0,0,0,0,0,0,0,0,0,0,0,4.40%,2015,Jarrett Stidham4
598,106,0,0,0,0,0,0,0,0,0,0,0,0,0,0,0,4.40%,2016,Jarrett Stidham4
599,95,0,0,0,0,0,0,0,0,0,0,0,0,0,0,0,4.40%,2017,Jarrett Stidham4
600,92,0,0,0,0,0,0,0,0,0,0,0,0,0,0,0,4.40%,2018,Jarrett Stidham4
601,166,2,4,50,14,3.5,0,1,1,2,-2,0,0,3,-0.6,-0.2,4.40%,2019,Jarrett Stidham4
602,128,0,0,0,0,0,0,0,0,0,0,0,0,0,0,0,0.10%,2013,Kyle Lauletta8
603,137,0,0,0,0,0,0,0,0,0,0,0,0,0,0,0,0.10%,2014,Kyle Lauletta8
604,143,0,0,0,0,0,0,0,0,0,0,0,0,0,0,0,0.10%,2015,Kyle Lauletta8
605,131,0,0,0,0,0,0,0,0,0,0,0,0,0,0,0,0.10%,2016,Kyle Lauletta8
606,121,0,0,0,0,0,0,0,0,0,0,0,0,0,0,0,0.10%,2017,Kyle Lauletta8
607,168,0,5,0,0,0,0,1,0,1,-2,0,0,2,-2.2,-1.1,0.10%,2018,Kyle Lauletta8
608,111,0,0,0,0,0,0,0,0,0,0,0,0,0,0,0,0.10%,2019,Kyle Lauletta8
609,129,0,0,0,0,0,0,0,0,0,0,0,0,0,0,0,0.00%,2013,Tim Boyle8
610,134,0,0,0,0,0,0,0,0,0,0,0,0,0,0,0,0.00%,2014,Tim Boyle8
611,140,0,0,0,0,0,0,0,0,0,0,0,0,0,0,0,0.00%,2015,Tim Boyle8
612,126,0,0,0,0,0,0,0,0,0,0,0,0,0,0,0,0.00%,2016,Tim Boyle8
613,140,0,0,0,0,0,0,0,0,0,0,0,0,0,0,0,0.00%,2017,Tim Boyle8
614,127,0,0,0,0,0,0,0,0,0,0,0,0,0,0,0,0.00%,2018,Tim Boyle8
615,163,3,4,75,15,3.8,0,0,0,5,-7,0,0,3,-0.1,0,0.00%,2019,Tim Boyle8
616,130,0,0,0,0,0,0,0,0,0,0,0,0,0,0,0,0.00%,2013,Kurt Benkert6
617,132,0,0,0,0,0,0,0,0,0,0,0,0,0,0,0,0.00%,2014,Kurt Benkert6
618,139,0,0,0,0,0,0,0,0,0,0,0,0,0,0,0,0.00%,2015,Kurt Benkert6
619,130,0,0,0,0,0,0,0,0,0,0,0,0,0,0,0,0.00%,2016,Kurt Benkert6
620,139,0,0,0,0,0,0,0,0,0,0,0,0,0,0,0,0.00%,2017,Kurt Benkert6
621,126,0,0,0,0,0,0,0,0,0,0,0,0,0,0,0,0.00%,2018,Kurt Benkert6
622,108,0,0,0,0,0,0,0,0,0,0,0,0,0,0,0,0.00%,2019,Kurt Benkert6
623,131,0,0,0,0,0,0,0,0,0,0,0,0,0,0,0,0.10%,2013,Alex McGough3
624,135,0,0,0,0,0,0,0,0,0,0,0,0,0,0,0,0.10%,2014,Alex McGough3
625,141,0,0,0,0,0,0,0,0,0,0,0,0,0,0,0,0.10%,2015,Alex McGough3
626,127,0,0,0,0,0,0,0,0,0,0,0,0,0,0,0,0.10%,2016,Alex McGough3
627,141,0,0,0,0,0,0,0,0,0,0,0,0,0,0,0,0.10%,2017,Alex McGough3
628,129,0,0,0,0,0,0,0,0,0,0,0,0,0,0,0,0.10%,2018,Alex McGough3
629,109,0,0,0,0,0,0,0,0,0,0,0,0,0,0,0,0.10%,2019,Alex McGough3
630,132,0,0,0,0,0,0,0,0,0,0,0,0,0,0,0,0.10%,2013,Danny Etling16
631,136,0,0,0,0,0,0,0,0,0,0,0,0,0,0,0,0.10%,2014,Danny Etling16
632,142,0,0,0,0,0,0,0,0,0,0,0,0,0,0,0,0.10%,2015,Danny Etling16
633,128,0,0,0,0,0,0,0,0,0,0,0,0,0,0,0,0.10%,2016,Danny Etling16
634,137,0,0,0,0,0,0,0,0,0,0,0,0,0,0,0,0.10%,2017,Danny Etling16
635,130,0,0,0,0,0,0,0,0,0,0,0,0,0,0,0,0.10%,2018,Danny Etling16
636,110,0,0,0,0,0,0,0,0,0,0,0,0,0,0,0,0.10%,2019,Danny Etling16
637,133,0,0,0,0,0,0,0,0,0,0,0,0,0,0,0,0.00%,2013,Ben DiNucci1
638,109,0,0,0,0,0,0,0,0,0,0,0,0,0,0,0,0.00%,2014,Ben DiNucci1
639,146,0,0,0,0,0,0,0,0,0,0,0,0,0,0,0,0.00%,2015,Ben DiNucci1
640,129,0,0,0,0,0,0,0,0,0,0,0,0,0,0,0,0.00%,2016,Ben DiNucci1
641,84,0,0,0,0,0,0,0,0,0,0,0,0,0,0,0,0.00%,2017,Ben DiNucci1
642,84,0,0,0,0,0,0,0,0,0,0,0,0,0,0,0,0.00%,2018,Ben DiNucci1
643,104,0,0,0,0,0,0,0,0,0,0,0,0,0,0,0,0.00%,2019,Ben DiNucci1
644,134,0,0,0,0,0,0,0,0,0,0,0,0,0,0,0,0.00%,2013,Tommy Stevens2
645,111,0,0,0,0,0,0,0,0,0,0,0,0,0,0,0,0.00%,2014,Tommy Stevens2
646,138,0,0,0,0,0,0,0,0,0,0,0,0,0,0,0,0.00%,2015,Tommy Stevens2
647,148,0,0,0,0,0,0,0,0,0,0,0,0,0,0,0,0.00%,2016,Tommy Stevens2
648,82,0,0,0,0,0,0,0,0,0,0,0,0,0,0,0,0.00%,2017,Tommy Stevens2
649,81,0,0,0,0,0,0,0,0,0,0,0,0,0,0,0,0.00%,2018,Tommy Stevens2
650,103,0,0,0,0,0,0,0,0,0,0,0,0,0,0,0,0.00%,2019,Tommy Stevens2
651,136,0,0,0,0,0,0,0,0,0,0,0,0,0,0,0,0.80%,2013,Kyle Allen10
652,131,0,0,0,0,0,0,0,0,0,0,0,0,0,0,0,0.80%,2014,Kyle Allen10
653,155,0,0,0,0,0,0,0,0,0,0,0,0,0,0,0,0.80%,2015,Kyle Allen10
654,144,0,0,0,0,0,0,0,0,0,0,0,0,0,0,0,0.80%,2016,Kyle Allen10
655,138,0,0,0,0,0,0,0,0,0,0,0,0,0,0,0,0.80%,2017,Kyle Allen10
656,47,20,31,64.5,266,8.6,2,0,0,5,19,1,0,2,26.5,13.3,0.80%,2018,Kyle Allen10
657,28,303,489,62,3322,6.8,17,16,46,32,106,2,7,14,193.4,13.8,0.80%,2019,Kyle Allen10
658,137,0,0,0,0,0,0,0,0,0,0,0,0,0,0,0,8.50%,2013,Gardner Minshew II15
659,146,0,0,0,0,0,0,0,0,0,0,0,0,0,0,0,8.50%,2014,Gardner Minshew II15
660,116,0,0,0,0,0,0,0,0,0,0,0,0,0,0,0,8.50%,2015,Gardner Minshew II15
661,124,0,0,0,0,0,0,0,0,0,0,0,0,0,0,0,8.50%,2016,Gardner Minshew II15
662,96,0,0,0,0,0,0,0,0,0,0,0,0,0,0,0,8.50%,2017,Gardner Minshew II15
663,87,0,0,0,0,0,0,0,0,0,0,0,0,0,0,0,8.50%,2018,Gardner Minshew II15
664,20,285,470,60.6,3271,7,21,6,33,67,344,0,7,14,235.3,16.8,8.50%,2019,Gardner Minshew II15
665,139,0,0,0,0,0,0,0,0,0,0,0,0,0,0,0,0.00%,2013,Jake Browning3
666,147,0,0,0,0,0,0,0,0,0,0,0,0,0,0,0,0.00%,2014,Jake Browning3
667,117,0,0,0,0,0,0,0,0,0,0,0,0,0,0,0,0.00%,2015,Jake Browning3
668,135,0,0,0,0,0,0,0,0,0,0,0,0,0,0,0,0.00%,2016,Jake Browning3
669,97,0,0,0,0,0,0,0,0,0,0,0,0,0,0,0,0.00%,2017,Jake Browning3
670,88,0,0,0,0,0,0,0,0,0,0,0,0,0,0,0,0.00%,2018,Jake Browning3
671,119,0,0,0,0,0,0,0,0,0,0,0,0,0,0,0,0.00%,2019,Jake Browning3
672,140,0,0,0,0,0,0,0,0,0,0,0,0,0,0,0,0.20%,2013,Trace McSorley7
673,140,0,0,0,0,0,0,0,0,0,0,0,0,0,0,0,0.20%,2014,Trace McSorley7
674,119,0,0,0,0,0,0,0,0,0,0,0,0,0,0,0,0.20%,2015,Trace McSorley7
675,137,0,0,0,0,0,0,0,0,0,0,0,0,0,0,0,0.20%,2016,Trace McSorley7
676,98,0,0,0,0,0,0,0,0,0,0,0,0,0,0,0,0.20%,2017,Trace McSorley7
677,89,0,0,0,0,0,0,0,0,0,0,0,0,0,0,0,0.20%,2018,Trace McSorley7
678,65,0,0,0,0,0,0,0,0,1,1,0,0,1,0.1,0.1,0.20%,2019,Trace McSorley7
679,141,0,0,0,0,0,0,0,0,0,0,0,0,0,0,0,0.10%,2013,Clayton Thorson5
680,148,0,0,0,0,0,0,0,0,0,0,0,0,0,0,0,0.10%,2014,Clayton Thorson5
681,137,0,0,0,0,0,0,0,0,0,0,0,0,0,0,0,0.10%,2015,Clayton Thorson5
682,138,0,0,0,0,0,0,0,0,0,0,0,0,0,0,0,0.10%,2016,Clayton Thorson5
683,99,0,0,0,0,0,0,0,0,0,0,0,0,0,0,0,0.10%,2017,Clayton Thorson5
684,90,0,0,0,0,0,0,0,0,0,0,0,0,0,0,0,0.10%,2018,Clayton Thorson5
685,120,0,0,0,0,0,0,0,0,0,0,0,0,0,0,0,0.10%,2019,Clayton Thorson5
686,142,0,0,0,0,0,0,0,0,0,0,0,0,0,0,0,0.40%,2013,Easton Stick2
687,150,0,0,0,0,0,0,0,0,0,0,0,0,0,0,0,0.40%,2014,Easton Stick2
688,147,0,0,0,0,0,0,0,0,0,0,0,0,0,0,0,0.40%,2015,Easton Stick2
689,139,0,0,0,0,0,0,0,0,0,0,0,0,0,0,0,0.40%,2016,Easton Stick2
690,100,0,0,0,0,0,0,0,0,0,0,0,0,0,0,0,0.40%,2017,Easton Stick2
691,91,0,0,0,0,0,0,0,0,0,0,0,0,0,0,0,0.40%,2018,Easton Stick2
692,121,0,0,0,0,0,0,0,0,0,0,0,0,0,0,0,0.40%,2019,Easton Stick2
693,143,0,0,0,0,0,0,0,0,0,0,0,0,0,0,0,0.00%,2013,Brett Rypien4
694,151,0,0,0,0,0,0,0,0,0,0,0,0,0,0,0,0.00%,2014,Brett Rypien4
695,149,0,0,0,0,0,0,0,0,0,0,0,0,0,0,0,0.00%,2015,Brett Rypien4
696,140,0,0,0,0,0,0,0,0,0,0,0,0,0,0,0,0.00%,2016,Brett Rypien4
697,118,0,0,0,0,0,0,0,0,0,0,0,0,0,0,0,0.00%,2017,Brett Rypien4
698,93,0,0,0,0,0,0,0,0,0,0,0,0,0,0,0,0.00%,2018,Brett Rypien4
699,122,0,0,0,0,0,0,0,0,0,0,0,0,0,0,0,0.00%,2019,Brett Rypien4
700,144,0,0,0,0,0,0,0,0,0,0,0,0,0,0,0,0.20%,2013,Ryan Finley5
701,153,0,0,0,0,0,0,0,0,0,0,0,0,0,0,0,0.20%,2014,Ryan Finley5
702,151,0,0,0,0,0,0,0,0,0,0,0,0,0,0,0,0.20%,2015,Ryan Finley5
703,142,0,0,0,0,0,0,0,0,0,0,0,0,0,0,0,0.20%,2016,Ryan Finley5
704,119,0,0,0,0,0,0,0,0,0,0,0,0,0,0,0,0.20%,2017,Ryan Finley5
705,95,0,0,0,0,0,0,0,0,0,0,0,0,0,0,0,0.20%,2018,Ryan Finley5
706,47,41,87,47.1,474,5.4,2,2,11,10,77,0,3,3,26.7,8.9,0.20%,2019,Ryan Finley5
707,145,0,0,0,0,0,0,0,0,0,0,0,0,0,0,0,0.30%,2013,Will Grier7
708,154,0,0,0,0,0,0,0,0,0,0,0,0,0,0,0,0.30%,2014,Will Grier7
709,152,0,0,0,0,0,0,0,0,0,0,0,0,0,0,0,0.30%,2015,Will Grier7
710,136,0,0,0,0,0,0,0,0,0,0,0,0,0,0,0,0.30%,2016,Will Grier7
711,132,0,0,0,0,0,0,0,0,0,0,0,0,0,0,0,0.30%,2017,Will Grier7
712,96,0,0,0,0,0,0,0,0,0,0,0,0,0,0,0,0.30%,2018,Will Grier7
713,58,28,52,53.8,228,4.4,0,4,6,7,22,0,1,2,5.4,2.7,0.30%,2019,Will Grier7
714,146,0,0,0,0,0,0,0,0,0,0,0,0,0,0,0,57.60%,2013,Daniel Jones8
715,155,0,0,0,0,0,0,0,0,0,0,0,0,0,0,0,57.60%,2014,Daniel Jones8
716,153,0,0,0,0,0,0,0,0,0,0,0,0,0,0,0,57.60%,2015,Daniel Jones8
717,143,0,0,0,0,0,0,0,0,0,0,0,0,0,0,0,57.60%,2016,Daniel Jones8
718,133,0,0,0,0,0,0,0,0,0,0,0,0,0,0,0,57.60%,2017,Daniel Jones8
719,97,0,0,0,0,0,0,0,0,0,0,0,0,0,0,0,57.60%,2018,Daniel Jones8
720,23,284,459,61.9,3027,6.6,24,12,38,45,279,2,11,13,226.9,17.5,57.60%,2019,Daniel Jones8
721,147,0,0,0,0,0,0,0,0,0,0,0,0,0,0,0,10.40%,2013,Drew Lock3
722,156,0,0,0,0,0,0,0,0,0,0,0,0,0,0,0,10.40%,2014,Drew Lock3
723,154,0,0,0,0,0,0,0,0,0,0,0,0,0,0,0,10.40%,2015,Drew Lock3
724,145,0,0,0,0,0,0,0,0,0,0,0,0,0,0,0,10.40%,2016,Drew Lock3
725,134,0,0,0,0,0,0,0,0,0,0,0,0,0,0,0,10.40%,2017,Drew Lock3
726,98,0,0,0,0,0,0,0,0,0,0,0,0,0,0,0,10.40%,2018,Drew Lock3
727,37,100,156,64.1,1020,6.5,7,3,5,18,72,0,1,5,71.1,14.2,10.40%,2019,Drew Lock3
728,149,0,0,0,0,0,0,0,0,0,0,0,0,0,0,0,0.00%,2013,John Wolford9
729,133,0,0,0,0,0,0,0,0,0,0,0,0,0,0,0,0.00%,2014,John Wolford9
730,156,0,0,0,0,0,0,0,0,0,0,0,0,0,0,0,0.00%,2015,John Wolford9
731,147,0,0,0,0,0,0,0,0,0,0,0,0,0,0,0,0.00%,2016,John Wolford9
732,136,0,0,0,0,0,0,0,0,0,0,0,0,0,0,0,0.00%,2017,John Wolford9
733,102,0,0,0,0,0,0,0,0,0,0,0,0,0,0,0,0.00%,2018,John Wolford9
734,124,0,0,0,0,0,0,0,0,0,0,0,0,0,0,0,0.00%,2019,John Wolford9
735,175,0,0,0,0,0,0,0,0,0,0,0,0,0,0,0,0.00%,2013,Garrett Gilbert3
736,185,0,0,0,0,0,0,0,0,0,0,0,0,0,0,0,0.00%,2014,Garrett Gilbert3
737,181,0,0,0,0,0,0,0,0,0,0,0,0,0,0,0,0.00%,2015,Garrett Gilbert3
738,170,0,0,0,0,0,0,0,0,0,0,0,0,0,0,0,0.00%,2016,Garrett Gilbert3
739,163,0,0,0,0,0,0,0,0,0,0,0,0,0,0,0,0.00%,2017,Garrett Gilbert3
740,59,2,3,66.7,40,13.3,0,0,1,0,0,0,0,1,1.6,1.6,0.00%,2018,Garrett Gilbert3
741,165,0,3,0,0,0,0,0,0,3,-3,0,0,6,-0.3,-0.1,0.00%,2019,Garrett Gilbert3
742,176,0,0,0,0,0,0,0,0,0,0,0,0,0,0,0,0.10%,2013,Sean Mannion4
743,183,0,0,0,0,0,0,0,0,0,0,0,0,0,0,0,0.10%,2014,Sean Mannion4
744,64,6,7,85.7,31,4.4,0,0,0,0,0,0,0,1,1.2,1.2,0.10%,2015,Sean Mannion4
745,183,3,6,50,19,3.2,0,1,0,1,-1,0,0,1,-1.3,-1.3,0.10%,2016,Sean Mannion4
746,57,22,37,59.5,185,5,0,0,3,9,-2,0,1,5,5.3,1.1,0.10%,2017,Sean Mannion4
747,156,2,3,66.7,23,7.7,0,0,0,7,-9,0,0,3,0,0,0.10%,2018,Sean Mannion4
748,63,12,21,57.1,126,6,0,2,0,6,-5,0,1,3,0.5,0.2,0.10%,2019,Sean Mannion4
749,177,0,0,0,0,0,0,0,0,0,0,0,0,0,0,0,0.10%,2013,Brett Hundley7
750,182,0,0,0,0,0,0,0,0,0,0,0,0,0,0,0,0.10%,2014,Brett Hundley7
751,180,0,0,0,0,0,0,0,0,0,0,0,0,0,0,0,0.10%,2015,Brett Hundley7
752,184,2,10,20,17,1.7,0,1,0,3,-2,0,0,4,-1.5,-0.4,0.10%,2016,Brett Hundley7
753,31,192,316,60.8,1836,5.8,9,12,29,36,270,2,2,11,123.6,11.2,0.10%,2017,Brett Hundley7
754,157,0,0,0,0,0,0,0,0,0,0,0,0,0,0,0,0.10%,2018,Brett Hundley7
755,56,5,11,45.5,49,4.5,0,0,2,7,41,0,0,3,6.1,2,0.10%,2019,Brett Hundley7
756,178,0,0,0,0,0,0,0,0,0,0,0,0,0,0,0,32.20%,2013,Jameis Winston
757,180,0,0,0,0,0,0,0,0,0,0,0,0,0,0,0,32.20%,2014,Jameis Winston
758,13,312,535,58.3,4042,7.6,22,15,27,54,213,6,2,16,275.2,17.2,32.20%,2015,Jameis Winston
759,16,345,567,60.8,4090,7.2,28,18,35,53,165,1,6,16,256.5,16,32.20%,2016,Jameis Winston
760,22,282,442,63.8,3504,7.9,19,11,33,33,135,1,7,13,201.8,15.5,32.20%,2017,Jameis Winston
761,22,244,378,64.6,2992,7.9,19,14,27,49,281,1,3,11,196,17.8,32.20%,2018,Jameis Winston
762,3,380,626,60.7,5109,8.2,33,30,47,59,250,1,5,16,335.2,21,32.20%,2019,Jameis Winston
763,179,0,0,0,0,0,0,0,0,0,0,0,0,0,0,0,1.60%,2013,Marcus Mariota8
764,181,0,0,0,0,0,0,0,0,0,0,0,0,0,0,0,1.60%,2014,Marcus Mariota8
765,22,230,370,62.2,2818,7.6,19,10,38,34,252,2,6,12,210.1,17.5,1.60%,2015,Marcus Mariota8
766,12,276,451,61.2,3426,7.6,26,9,23,60,349,2,5,15,260.7,17.4,1.60%,2016,Marcus Mariota8
767,18,281,453,62,3232,7.1,13,15,27,60,312,5,1,15,210.4,14,1.60%,2017,Marcus Mariota8
768,24,228,331,68.9,2528,7.6,11,8,42,64,357,2,2,14,175,12.5,1.60%,2018,Marcus Mariota8
769,34,95,160,59.4,1203,7.5,7,2,25,24,129,0,0,7,87.1,12.4,1.60%,2019,Marcus Mariota8
770,180,0,0,0,0,0,0,0,0,0,0,0,0,0,0,0,0.00%,2013,David Fales3
771,187,0,0,0,0,0,0,0,0,0,0,0,0,0,0,0,0.00%,2014,David Fales3
772,182,0,0,0,0,0,0,0,0,0,0,0,0,0,0,0,0.00%,2015,David Fales3
773,62,2,5,40,22,4.4,0,0,1,1,0,0,0,1,0.9,0.9,0.00%,2016,David Fales3
774,48,29,43,67.4,265,6.2,1,1,1,4,8,1,0,2,19.4,9.7,0.00%,2017,David Fales3
775,152,0,0,0,0,0,0,0,0,0,0,0,0,0,0,0,0.00%,2018,David Fales3
776,148,0,0,0,0,0,0,0,1,0,0,0,0,2,0,0,0.00%,2019,David Fales3
777,182,0,0,0,0,0,0,0,0,0,0,0,0,0,0,0,40.90%,2013,Jimmy Garoppolo10
778,53,19,27,70.4,182,6.7,1,0,5,10,9,0,0,6,12.2,2,40.90%,2014,Jimmy Garoppolo10
779,193,1,4,25,6,1.5,0,0,0,5,-5,0,0,5,-0.3,-0.1,40.90%,2015,Jimmy Garoppolo10
780,40,43,63,68.3,502,8,4,0,3,10,6,0,1,6,35.1,5.9,40.90%,2016,Jimmy Garoppolo10
781,34,120,178,67.4,1560,8.8,7,5,8,15,11,1,0,6,86.9,14.5,40.90%,2017,Jimmy Garoppolo10
782,40,53,89,59.6,718,8.1,5,3,13,8,33,0,0,3,47.9,16,40.90%,2018,Jimmy Garoppolo10
783,14,329,476,69.1,3978,8.4,27,13,36,46,62,1,5,16,260.2,16.3,40.90%,2019,Jimmy Garoppolo10
784,183,0,0,0,0,0,0,0,0,0,0,0,0,0,0,0,0.00%,2013,Tyler Bray8
785,184,0,0,0,0,0,0,0,0,0,0,0,0,0,0,0,0.00%,2014,Tyler Bray8
786,183,0,0,0,0,0,0,0,0,0,0,0,0,0,0,0,0.00%,2015,Tyler Bray8
787,179,0,0,0,0,0,0,0,0,0,0,0,0,0,0,0,0.00%,2016,Tyler Bray8
788,179,0,1,0,0,0,0,0,0,1,0,0,1,1,-2,-2,0.00%,2017,Tyler Bray8
789,161,0,0,0,0,0,0,0,0,0,0,0,0,0,0,0,0.00%,2018,Tyler Bray8
790,159,0,0,0,0,0,0,0,0,0,0,0,0,0,0,0,0.00%,2019,Tyler Bray8
791,184,0,0,0,0,0,0,0,0,0,0,0,0,0,0,0,0.00%,2013,Alex Tanney3
792,186,0,0,0,0,0,0,0,0,0,0,0,0,0,0,0,0.00%,2014,Alex Tanney3
793,58,10,14,71.4,99,7.1,1,0,3,0,0,0,0,1,8,8,0.00%,2015,Alex Tanney3
794,176,0,0,0,0,0,0,0,0,0,0,0,0,0,0,0,0.00%,2016,Alex Tanney3
795,173,0,0,0,0,0,0,0,0,0,0,0,0,0,0,0,0.00%,2017,Alex Tanney3
796,160,0,0,0,0,0,0,0,0,0,0,0,0,0,0,0,0.00%,2018,Alex Tanney3
797,160,1,1,100,1,1,0,0,0,0,0,0,0,1,0,0,0.00%,2019,Alex Tanney3
798,185,0,0,0,0,0,0,0,0,0,0,0,0,0,0,0,13.80%,2013,Teddy Bridgewater5
799,22,259,402,64.4,2919,7.3,14,12,39,47,209,1,0,13,179.7,13.8,13.80%,2014,Teddy Bridgewater5
800,23,292,447,65.3,3231,7.2,14,9,44,44,192,3,3,16,200.4,12.5,13.80%,2015,Teddy Bridgewater5
801,175,0,0,0,0,0,0,0,0,0,0,0,0,0,0,0,13.80%,2016,Teddy Bridgewater5
802,180,0,2,0,0,0,0,1,0,3,-3,0,0,1,-2.3,-2.3,13.80%,2017,Teddy Bridgewater5
803,54,14,23,60.9,118,5.1,1,1,2,11,5,0,0,5,7.2,1.4,13.80%,2018,Teddy Bridgewater5
804,32,133,196,67.9,1384,7.1,9,2,12,28,31,0,0,10,92.5,9.3,13.80%,2019,Teddy Bridgewater5
805,186,0,0,0,0,0,0,0,0,0,0,0,0,0,0,0,4.50%,2013,Derek Carr4
806,20,348,599,58.1,3270,5.5,21,12,24,29,92,0,4,16,191.6,12,4.50%,2014,Derek Carr4
807,14,350,573,61.1,3987,7,32,13,31,33,138,0,3,16,273.3,17.1,4.50%,2015,Derek Carr4
808,10,357,560,63.8,3937,7,28,6,16,39,70,0,3,15,268.4,17.9,4.50%,2016,Derek Carr4
809,19,323,515,62.7,3496,6.8,22,13,20,23,66,0,3,15,206.3,13.8,4.50%,2017,Derek Carr4
810,18,381,553,68.9,4049,7.3,19,10,51,24,47,1,7,16,215.8,13.5,4.50%,2018,Derek Carr4
811,17,361,513,70.4,4054,7.9,21,8,29,27,82,2,3,16,252.5,15.8,4.50%,2019,Derek Carr4
812,187,0,0,0,0,0,0,0,0,0,0,0,0,0,0,0,0.10%,2013,AJ McCarron2
813,189,0,0,0,0,0,0,0,0,0,0,0,0,0,0,0,0.10%,2014,AJ McCarron2
814,39,79,119,66.4,854,7.2,6,2,12,14,31,0,1,7,55.3,7.9,0.10%,2015,AJ McCarron2
815,172,0,0,0,0,0,0,0,0,0,0,0,0,1,0,0,0.10%,2016,AJ McCarron2
816,60,7,14,50,66,4.7,0,0,1,0,0,0,0,3,2.7,0.9,0.10%,2017,AJ McCarron2
817,66,1,3,33.3,8,2.7,0,0,1,3,-2,0,0,2,0.1,0,0.10%,2018,AJ McCarron2
818,51,21,37,56.8,225,6.1,0,1,5,5,39,1,0,3,17.9,6,0.10%,2019,AJ McCarron2
819,188,0,0,0,0,0,0,0,0,0,0,0,0,0,0,0,0.20%,2013,Ryan Griffin84
820,188,0,0,0,0,0,0,0,0,0,0,0,0,0,0,0,0.20%,2013,Ryan Griffin4
821,190,0,0,0,0,0,0,0,0,0,0,0,0,0,0,0,0.20%,2014,Ryan Griffin84
822,190,0,0,0,0,0,0,0,0,0,0,0,0,0,0,0,0.20%,2014,Ryan Griffin4
823,188,0,0,0,0,0,0,0,0,0,0,0,0,0,0,0,0.20%,2015,Ryan Griffin84
824,188,0,0,0,0,0,0,0,0,0,0,0,0,0,0,0,0.20%,2015,Ryan Griffin4
825,173,0,0,0,0,0,0,0,0,0,0,0,0,0,0,0,0.20%,2016,Ryan Griffin84
826,173,0,0,0,0,0,0,0,0,0,0,0,0,0,0,0,0.20%,2016,Ryan Griffin4
827,166,0,0,0,0,0,0,0,0,0,0,0,0,0,0,0,0.20%,2017,Ryan Griffin84
828,166,0,0,0,0,0,0,0,0,0,0,0,0,0,0,0,0.20%,2017,Ryan Griffin4
829,155,0,0,0,0,0,0,0,0,0,0,0,0,0,0,0,0.20%,2018,Ryan Griffin84
830,155,0,0,0,0,0,0,0,0,0,0,0,0,0,0,0,0.20%,2018,Ryan Griffin4
831,62,2,4,50,18,4.5,0,0,0,4,-1,0,0,2,0.6,0.3,0.20%,2019,Ryan Griffin84
832,62,2,4,50,18,4.5,0,0,0,4,-1,0,0,2,0.6,0.3,0.20%,2019,Ryan Griffin4
833,189,0,0,0,0,0,0,0,0,0,0,0,0,0,0,0,0.00%,2013,Josh Love12
834,192,0,0,0,0,0,0,0,0,0,0,0,0,0,0,0,0.00%,2014,Josh Love12
835,190,0,0,0,0,0,0,0,0,0,0,0,0,0,0,0,0.00%,2015,Josh Love12
836,169,0,0,0,0,0,0,0,0,0,0,0,0,0,0,0,0.00%,2016,Josh Love12
837,172,0,0,0,0,0,0,0,0,0,0,0,0,0,0,0,0.00%,2017,Josh Love12
838,162,0,0,0,0,0,0,0,0,0,0,0,0,0,0,0,0.00%,2018,Josh Love12
839,158,0,0,0,0,0,0,0,0,0,0,0,0,0,0,0,0.00%,2019,Josh Love12
840,190,1,1,100,13,13,0,0,0,6,-6,0,0,4,-0.1,0,0.10%,2013,Colt McCoy12
841,40,91,128,71.1,1057,8.3,4,3,17,16,66,1,1,5,63,12.6,0.10%,2014,Colt McCoy12
842,57,7,11,63.6,128,11.6,1,0,1,3,-3,0,0,2,8.8,4.4,0.10%,2015,Colt McCoy12
843,149,0,0,0,0,0,0,0,0,0,0,0,0,0,0,0,0.10%,2016,Colt McCoy12
844,143,0,0,0,0,0,0,0,0,0,0,0,0,1,0,0,0.10%,2017,Colt McCoy12
845,46,34,54,63,372,6.9,3,3,6,10,63,0,0,3,27.2,9.1,0.10%,2018,Colt McCoy12
846,59,18,27,66.7,122,4.5,0,1,6,2,14,0,0,2,5.3,2.7,0.10%,2019,Colt McCoy12
