,Rank,REC,REC_TGT,REC_YDS,REC_Y/R,REC_LG,REC_20+,REC_TD,RUSH_ATT,RUSH_YDS,RUSH_TD,FL,G,FPTS,FPTS/G,OWN,Year,PlayerID
0,1,86,143,1215,14.1,56,19,16,0,0,0,0,16,303.5,19.0,8.7%,2013,Jimmy Graham80
1,2,85,124,889,10.5,29,8,10,0,0,0,2,16,229.9,14.4,8.7%,2014,Jimmy Graham80
2,17,48,74,605,12.6,45,11,2,0,0,0,0,11,72.5,6.6,8.7%,2015,Jimmy Graham80
3,4,65,95,923,14.2,42,10,6,1,0,0,2,16,124.3,7.8,8.7%,2016,Jimmy Graham80
4,4,57,96,520,9.1,33,8,10,0,0,0,0,16,114.0,7.1,8.7%,2017,Jimmy Graham80
5,14,55,90,636,11.6,54,7,2,0,0,0,0,16,75.6,4.7,8.7%,2018,Jimmy Graham80
6,22,38,60,447,11.8,48,7,3,0,0,0,0,16,62.7,3.9,8.7%,2019,Jimmy Graham80
7,6,73,111,851,11.7,34,13,8,0,0,0,0,16,206.1,12.9,2.4%,2013,Jason Witten82
8,9,64,90,703,11.0,34,7,5,0,0,0,0,16,164.3,10.3,2.4%,2014,Jason Witten82
9,12,77,104,713,9.3,35,4,3,0,0,0,1,16,87.2,5.5,2.4%,2015,Jason Witten82
10,14,69,95,673,9.8,35,7,3,0,0,0,1,16,83.3,5.2,2.4%,2016,Jason Witten82
11,10,63,87,560,8.9,28,3,5,0,0,0,1,16,84.0,5.3,2.4%,2017,Jason Witten82
12,278,0,0,0,0.0,0,0,0,0,0,0,0,0,0.0,0.0,2.4%,2018,Jason Witten82
13,12,63,83,529,8.4,33,2,4,0,0,0,1,16,76.9,4.8,2.4%,2019,Jason Witten82
14,7,73,111,816,11.2,31,12,6,0,0,0,0,16,190.6,11.9,15.5%,2013,Greg Olsen88
15,5,84,123,1008,12.0,38,9,6,0,0,0,0,16,220.8,13.8,15.5%,2014,Greg Olsen88
16,4,77,124,1104,14.3,52,20,7,0,0,0,1,16,150.4,9.4,15.5%,2015,Greg Olsen88
17,2,80,129,1073,13.4,78,14,3,0,0,0,0,16,127.3,8.0,15.5%,2016,Greg Olsen88
18,50,17,38,191,11.2,30,2,1,0,0,0,0,7,25.1,3.6,15.5%,2017,Greg Olsen88
19,23,27,38,291,10.8,23,2,4,0,0,0,0,9,53.1,5.9,15.5%,2018,Greg Olsen88
20,15,52,82,597,11.5,41,6,2,0,0,0,0,14,71.7,5.1,15.5%,2019,Greg Olsen88
21,12,51,86,671,13.2,47,9,5,0,0,0,1,16,148.1,9.3,91.6%,2013,Jared Cook87
22,16,52,99,634,12.2,59,7,3,1,0,0,0,16,133.4,8.3,91.6%,2014,Jared Cook87
23,34,39,75,481,12.3,49,7,0,0,0,0,1,16,48.1,3.0,91.6%,2015,Jared Cook87
24,36,30,51,377,12.6,47,6,1,0,0,0,1,10,41.7,4.2,91.6%,2016,Jared Cook87
25,15,54,86,688,12.7,35,10,2,0,0,0,1,16,78.7,4.9,91.6%,2017,Jared Cook87
26,5,68,101,896,13.2,45,15,6,0,0,0,0,16,125.6,7.9,91.6%,2018,Jared Cook87
27,6,43,65,705,16.4,61,15,9,0,0,0,0,14,124.5,8.9,91.6%,2019,Jared Cook87
28,19,39,66,592,15.2,50,10,4,0,0,0,0,7,122.2,17.5,44.2%,2013,Rob Gronkowski87
29,1,82,131,1124,13.7,46,19,12,0,0,0,0,15,266.4,17.8,44.2%,2014,Rob Gronkowski87
30,1,72,120,1176,16.3,76,22,11,0,0,0,0,15,183.6,12.2,44.2%,2015,Rob Gronkowski87
31,22,25,38,540,21.6,53,12,3,0,0,0,0,8,72.0,9.0,44.2%,2016,Rob Gronkowski87
32,1,69,105,1084,15.7,53,18,8,0,0,0,0,14,158.3,11.3,44.2%,2017,Rob Gronkowski87
33,11,47,72,682,14.5,42,8,3,0,0,0,1,13,84.2,6.5,44.2%,2018,Rob Gronkowski87
34,225,0,0,0,0.0,0,0,0,0,0,0,0,1,0.0,0.0,44.2%,2019,Rob Gronkowski87
35,23,36,56,469,13.0,38,8,4,0,0,0,0,16,106.9,6.7,99.5%,2013,Zach Ertz86
36,13,58,89,702,12.1,35,9,3,0,0,0,1,16,144.2,9.0,99.5%,2014,Zach Ertz86
37,10,75,112,853,11.4,60,11,2,0,0,0,1,15,95.3,6.4,99.5%,2015,Zach Ertz86
38,8,78,106,816,10.5,30,9,4,0,0,0,0,14,105.6,7.5,99.5%,2016,Zach Ertz86
39,3,74,110,824,11.1,53,7,8,0,0,0,1,14,128.4,9.2,99.5%,2017,Zach Ertz86
40,3,116,156,1163,10.0,34,13,8,0,0,0,0,16,164.3,10.3,99.5%,2018,Zach Ertz86
41,5,88,135,916,10.4,30,12,6,0,0,0,1,15,127.6,8.5,99.5%,2019,Zach Ertz86
42,26,39,59,445,11.4,61,5,2,0,0,0,0,15,95.5,6.4,2.0%,2013,Tyler Eifert88
43,95,3,3,37,12.3,20,1,0,0,0,0,0,1,6.7,6.7,2.0%,2014,Tyler Eifert88
44,6,52,74,615,11.8,31,8,13,0,0,0,0,13,139.5,10.7,2.0%,2015,Tyler Eifert88
45,24,29,47,394,13.6,71,6,5,0,0,0,0,8,69.4,8.7,2.0%,2016,Tyler Eifert88
46,94,4,5,46,11.5,22,1,0,0,0,0,0,2,4.6,2.3,2.0%,2017,Tyler Eifert88
47,53,15,19,179,11.9,29,2,1,0,0,0,0,4,23.9,6.0,2.0%,2018,Tyler Eifert88
48,21,43,63,436,10.1,27,4,3,0,0,0,0,16,63.6,4.0,2.0%,2019,Tyler Eifert88
49,30,25,47,359,14.4,41,7,4,0,0,0,1,11,84.9,7.7,0.2%,2013,Marcedes Lewis89
50,44,18,31,206,11.4,63,3,2,0,0,0,0,8,50.6,6.3,0.2%,2014,Marcedes Lewis89
51,52,16,37,226,14.1,45,4,0,0,0,0,0,16,22.6,1.4,0.2%,2015,Marcedes Lewis89
52,49,20,30,169,8.5,37,1,1,0,0,0,0,10,22.9,2.3,0.2%,2016,Marcedes Lewis89
53,20,24,48,318,13.3,37,5,5,0,0,0,0,16,63.8,4.0,0.2%,2017,Marcedes Lewis89
54,98,3,4,39,13.0,30,1,0,0,0,0,0,16,3.9,0.2,0.2%,2018,Marcedes Lewis89
55,52,15,19,156,10.4,25,2,1,0,0,0,0,16,21.6,1.4,0.2%,2019,Marcedes Lewis89
56,35,30,46,313,10.4,31,6,3,0,0,0,0,8,79.3,9.9,12.3%,2013,Kyle Rudolph82
57,38,24,34,231,9.6,23,2,2,0,0,0,0,9,59.1,6.6,12.3%,2014,Kyle Rudolph82
58,14,49,73,495,10.1,47,4,5,0,0,0,0,16,79.5,5.0,12.3%,2015,Kyle Rudolph82
59,3,83,132,840,10.1,44,11,7,0,0,0,0,16,126.0,7.9,12.3%,2016,Kyle Rudolph82
60,6,57,81,532,9.3,34,4,8,0,0,0,0,16,101.2,6.3,12.3%,2017,Kyle Rudolph82
61,9,64,82,634,9.9,44,6,4,0,0,0,0,16,87.4,5.5,12.3%,2018,Kyle Rudolph82
62,14,39,48,367,9.4,32,3,6,0,0,0,0,16,74.7,4.7,12.3%,2019,Kyle Rudolph82
63,48,20,28,272,13.6,39,4,1,0,0,0,0,16,53.2,3.3,0.1%,2013,Luke Willson82
64,28,22,40,362,16.5,80,7,3,0,0,0,0,15,76.2,5.1,0.1%,2014,Luke Willson82
65,45,17,26,213,12.5,24,3,1,0,0,0,0,14,27.3,2.0,0.1%,2015,Luke Willson82
66,46,15,21,129,8.6,19,0,2,0,0,0,0,11,24.9,2.3,0.1%,2016,Luke Willson82
67,35,15,22,153,10.2,27,2,4,0,0,0,0,16,39.3,2.5,0.1%,2017,Luke Willson82
68,79,13,19,87,6.7,13,0,0,0,0,0,0,14,8.7,0.6,0.1%,2018,Luke Willson82
69,84,8,10,79,9.9,17,0,0,0,0,0,0,9,7.9,0.9,0.1%,2019,Luke Willson82
70,50,19,28,244,12.8,40,3,1,0,0,0,0,15,49.4,3.3,0.4%,2013,Ryan Griffin84
71,50,19,28,244,12.8,40,3,1,0,0,0,0,15,49.4,3.3,0.4%,2013,Ryan Griffin4
72,62,10,16,91,9.1,25,1,1,0,0,0,0,16,25.1,1.6,0.4%,2014,Ryan Griffin84
73,62,10,16,91,9.1,25,1,1,0,0,0,0,16,25.1,1.6,0.4%,2014,Ryan Griffin4
74,38,20,34,251,12.6,37,4,2,0,0,0,0,9,37.1,4.1,0.4%,2015,Ryan Griffin84
75,38,20,34,251,12.6,37,4,2,0,0,0,0,9,37.1,4.1,0.4%,2015,Ryan Griffin4
76,27,50,74,442,8.8,45,4,2,0,0,0,1,16,54.2,3.4,0.4%,2016,Ryan Griffin84
77,27,50,74,442,8.8,45,4,2,0,0,0,1,16,54.2,3.4,0.4%,2016,Ryan Griffin4
78,54,13,26,158,12.2,35,2,1,0,0,0,0,7,23.8,3.4,0.4%,2017,Ryan Griffin84
79,54,13,26,158,12.2,35,2,1,0,0,0,0,7,23.8,3.4,0.4%,2017,Ryan Griffin4
80,41,24,43,305,12.7,47,3,0,0,0,0,0,14,30.5,2.2,0.4%,2018,Ryan Griffin84
81,41,24,43,305,12.7,47,3,0,0,0,0,0,14,30.5,2.2,0.4%,2018,Ryan Griffin4
82,20,34,41,320,9.4,45,4,5,0,0,0,0,13,64.0,4.9,0.4%,2019,Ryan Griffin84
83,20,34,41,320,9.4,45,4,5,0,0,0,0,13,64.0,4.9,0.4%,2019,Ryan Griffin4
84,57,11,14,55,5.0,12,0,2,0,0,0,0,16,28.5,1.8,0.1%,2013,Levine Toilolo85
85,33,31,53,238,7.7,20,1,2,0,0,0,1,16,64.8,4.1,0.1%,2014,Levine Toilolo85
86,84,7,12,44,6.3,11,0,0,0,0,0,0,16,6.4,0.4,0.1%,2015,Levine Toilolo85
87,40,13,19,264,20.3,46,4,2,0,0,0,0,16,38.4,2.4,0.1%,2016,Levine Toilolo85
88,52,12,14,122,10.2,25,1,1,0,0,0,0,15,24.2,1.6,0.1%,2017,Levine Toilolo85
89,39,21,24,263,12.5,39,2,1,0,0,0,0,16,32.3,2.0,0.1%,2018,Levine Toilolo85
90,109,2,2,10,5.0,8,0,0,0,0,0,0,13,1.0,0.1,0.1%,2019,Levine Toilolo85
91,63,8,19,119,14.9,25,3,0,0,0,0,0,15,19.9,1.3,2.0%,2013,Vance McDonald89
92,101,2,8,30,15.0,21,1,0,0,0,0,1,8,3.0,0.4,2.0%,2014,Vance McDonald89
93,31,30,46,326,10.9,36,5,3,0,0,0,0,14,50.6,3.6,2.0%,2015,Vance McDonald89
94,25,24,45,391,16.3,75,6,4,0,0,0,0,11,63.1,5.7,2.0%,2016,Vance McDonald89
95,51,14,24,188,13.4,28,3,1,0,0,0,0,10,24.8,2.5,2.0%,2017,Vance McDonald89
96,12,50,72,610,12.2,75,6,4,0,0,0,1,15,83.0,5.5,2.0%,2018,Vance McDonald89
97,35,38,55,273,7.2,22,2,3,1,2,0,0,14,45.5,3.3,2.0%,2019,Vance McDonald89
98,69,6,10,44,7.3,9,0,1,1,-8,0,0,14,15.6,1.1,0.3%,2013,Josh Hill89
99,36,14,20,176,12.6,37,2,5,0,0,0,0,16,61.6,3.9,0.3%,2014,Josh Hill89
100,48,16,30,120,7.5,19,0,2,0,0,0,0,16,24.0,1.5,0.3%,2015,Josh Hill89
101,53,15,22,149,9.9,35,3,1,0,0,0,0,9,20.9,2.3,0.3%,2016,Josh Hill89
102,68,16,22,125,7.8,22,1,1,1,-8,0,2,16,13.7,0.9,0.3%,2017,Josh Hill89
103,52,16,24,185,11.6,23,4,1,0,0,0,0,16,24.5,1.5,0.3%,2018,Josh Hill89
104,40,25,35,226,9.0,29,4,3,0,0,0,0,16,40.6,2.5,0.3%,2019,Josh Hill89
105,75,9,12,45,5.0,10,0,0,0,0,0,0,16,13.5,0.8,0.0%,2013,Virgil Green88
106,69,6,6,74,12.3,38,1,1,2,3,0,0,13,19.7,1.5,0.0%,2014,Virgil Green88
107,50,12,15,173,14.4,32,3,1,0,0,0,0,16,23.3,1.5,0.0%,2015,Virgil Green88
108,43,22,37,237,10.8,31,2,1,0,0,0,0,12,29.7,2.5,0.0%,2016,Virgil Green88
109,49,14,22,191,13.6,44,3,1,0,0,0,0,16,25.1,1.6,0.0%,2017,Virgil Green88
110,48,19,27,210,11.1,26,5,1,0,0,0,0,16,27.0,1.7,0.0%,2018,Virgil Green88
111,71,9,13,78,8.7,15,0,1,0,0,0,0,15,13.8,0.9,0.0%,2019,Virgil Green88
112,76,5,9,78,15.6,28,2,0,0,0,0,0,16,12.8,0.8,0.0%,2013,Lee Smith85
113,73,7,8,42,6.0,18,0,1,0,0,0,0,14,17.2,1.2,0.0%,2014,Lee Smith85
114,71,12,13,70,5.8,17,0,1,0,0,0,0,15,13.0,0.9,0.0%,2015,Lee Smith85
115,92,6,6,29,4.8,12,0,0,0,0,0,0,4,2.9,0.7,0.0%,2016,Lee Smith85
116,82,8,11,76,9.5,21,1,0,0,0,0,0,16,7.6,0.5,0.0%,2017,Lee Smith85
117,51,10,11,73,7.3,30,1,3,0,0,0,0,16,25.3,1.6,0.0%,2018,Lee Smith85
118,81,4,5,31,7.8,9,0,1,0,0,0,0,16,9.1,0.6,0.0%,2019,Lee Smith85
119,80,4,6,70,17.5,32,1,0,0,0,0,0,5,11.0,2.2,0.0%,2013,David Johnson31
120,105,1,1,4,4.0,4,0,0,0,0,0,0,14,1.4,0.1,0.0%,2014,David Johnson31
121,348,1,2,4,4.0,4,0,0,2,4,0,1,16,-1.2,-0.1,0.0%,2015,David Johnson31
122,75,7,11,80,11.4,26,1,0,0,0,0,0,16,10.0,0.6,0.0%,2016,David Johnson31
123,82,3,6,12,4.0,7,0,1,0,0,0,0,16,10.2,0.6,0.0%,2013,Alex Smith11
124,117,0,0,0,0.0,0,0,0,0,0,0,0,2,0.0,0.0,0.0%,2014,Alex Smith11
125,124,0,2,0,0.0,0,0,0,0,0,0,0,3,0.0,0.0,0.0%,2015,Alex Smith11
126,93,5,7,19,3.8,8,0,0,0,0,0,0,15,6.9,0.5,59.1%,2013,Jack Doyle84
127,52,18,22,118,6.6,20,1,2,0,0,0,0,16,41.8,2.6,59.1%,2014,Jack Doyle84
128,68,12,14,72,6.0,19,0,1,0,0,0,0,16,13.2,0.8,59.1%,2015,Jack Doyle84
129,13,59,75,584,9.9,24,5,5,0,0,0,1,16,86.4,5.4,59.1%,2016,Jack Doyle84
130,9,80,108,690,8.6,26,4,4,0,0,0,2,15,89.0,5.9,59.1%,2017,Jack Doyle84
131,36,26,33,245,9.4,20,1,2,0,0,0,1,6,34.5,5.8,59.1%,2018,Jack Doyle84
132,18,43,72,448,10.4,23,4,4,0,0,0,0,16,68.8,4.3,59.1%,2019,Jack Doyle84
133,111,0,0,0,0.0,0,0,0,0,0,0,0,0,0.0,0.0,0.6%,2013,Jordan Akins88
134,238,0,0,0,0.0,0,0,0,0,0,0,0,0,0.0,0.0,0.6%,2014,Jordan Akins88
135,244,0,0,0,0.0,0,0,0,0,0,0,0,0,0.0,0.0,0.6%,2015,Jordan Akins88
136,225,0,0,0,0.0,0,0,0,0,0,0,0,0,0.0,0.0,0.6%,2016,Jordan Akins88
137,212,0,0,0,0.0,0,0,0,0,0,0,0,0,0.0,0.0,0.6%,2017,Jordan Akins88
138,55,17,25,225,13.2,28,3,0,0,0,0,0,16,22.5,1.4,0.6%,2018,Jordan Akins88
139,26,36,55,418,11.6,53,4,2,0,0,0,0,16,53.8,3.4,0.6%,2019,Jordan Akins88
140,112,0,0,0,0.0,0,0,0,0,0,0,0,0,0.0,0.0,98.3%,2013,Mark Andrews89
141,138,0,0,0,0.0,0,0,0,0,0,0,0,0,0.0,0.0,98.3%,2014,Mark Andrews89
142,237,0,0,0,0.0,0,0,0,0,0,0,0,0,0.0,0.0,98.3%,2015,Mark Andrews89
143,242,0,0,0,0.0,0,0,0,0,0,0,0,0,0.0,0.0,98.3%,2016,Mark Andrews89
144,228,0,0,0,0.0,0,0,0,0,0,0,0,0,0.0,0.0,98.3%,2017,Mark Andrews89
145,16,34,50,552,16.2,74,8,3,0,0,0,0,16,73.2,4.6,98.3%,2018,Mark Andrews89
146,2,64,98,852,13.3,51,16,10,0,0,0,1,15,143.2,9.5,98.3%,2019,Mark Andrews89
147,114,0,0,0,0.0,0,0,0,0,0,0,0,0,0.0,0.0,0.2%,2013,Anthony Firkser86
148,107,0,0,0,0.0,0,0,0,0,0,0,0,0,0.0,0.0,0.2%,2014,Anthony Firkser86
149,116,0,0,0,0.0,0,0,0,0,0,0,0,0,0.0,0.0,0.2%,2015,Anthony Firkser86
150,127,0,0,0,0.0,0,0,0,0,0,0,0,0,0.0,0.0,0.2%,2016,Anthony Firkser86
151,116,0,0,0,0.0,0,0,0,0,0,0,0,0,0.0,0.0,0.2%,2017,Anthony Firkser86
152,91,19,20,225,11.8,28,3,1,0,0,0,0,12,5.1,0.4,0.2%,2018,Anthony Firkser86
153,47,14,24,204,14.6,39,5,1,0,0,0,0,15,26.4,1.8,0.2%,2019,Anthony Firkser86
154,115,0,0,0,0.0,0,0,0,0,0,0,0,0,0.0,0.0,0.2%,2013,Jordan Thomas83
155,237,0,0,0,0.0,0,0,0,0,0,0,0,0,0.0,0.0,0.2%,2014,Jordan Thomas83
156,243,0,0,0,0.0,0,0,0,0,0,0,0,0,0.0,0.0,0.2%,2015,Jordan Thomas83
157,224,0,0,0,0.0,0,0,0,0,0,0,0,0,0.0,0.0,0.2%,2016,Jordan Thomas83
158,211,0,0,0,0.0,0,0,0,0,0,0,0,0,0.0,0.0,0.2%,2017,Jordan Thomas83
159,31,20,27,215,10.8,39,2,4,0,0,0,0,16,42.8,2.7,0.2%,2018,Jordan Thomas83
160,111,1,3,8,8.0,8,0,0,0,0,0,0,6,0.8,0.1,0.2%,2019,Jordan Thomas83
161,116,0,0,0,0.0,0,0,0,0,0,0,0,0,0.0,0.0,3.1%,2013,Ian Thomas80
162,236,0,0,0,0.0,0,0,0,0,0,0,0,0,0.0,0.0,3.1%,2014,Ian Thomas80
163,242,0,0,0,0.0,0,0,0,0,0,0,0,0,0.0,0.0,3.1%,2015,Ian Thomas80
164,236,0,0,0,0.0,0,0,0,0,0,0,0,0,0.0,0.0,3.1%,2016,Ian Thomas80
165,223,0,0,0,0.0,0,0,0,0,0,0,0,0,0.0,0.0,3.1%,2017,Ian Thomas80
166,28,36,49,333,9.3,31,4,2,0,0,0,0,16,45.3,2.8,3.1%,2018,Ian Thomas80
167,55,16,30,136,8.5,19,0,1,0,0,0,0,16,19.6,1.2,3.1%,2019,Ian Thomas80
168,117,0,0,0,0.0,0,0,0,0,0,0,0,0,0.0,0.0,51.8%,2013,Dallas Goedert88
169,168,0,0,0,0.0,0,0,0,0,0,0,0,0,0.0,0.0,51.8%,2014,Dallas Goedert88
170,235,0,0,0,0.0,0,0,0,0,0,0,0,0,0.0,0.0,51.8%,2015,Dallas Goedert88
171,243,0,0,0,0.0,0,0,0,0,0,0,0,0,0.0,0.0,51.8%,2016,Dallas Goedert88
172,229,0,0,0,0.0,0,0,0,0,0,0,0,0,0.0,0.0,51.8%,2017,Dallas Goedert88
173,20,33,42,334,10.1,32,5,4,0,0,0,0,16,57.4,3.6,51.8%,2018,Dallas Goedert88
174,10,58,87,607,10.5,28,8,5,0,0,0,2,15,86.7,5.8,51.8%,2019,Dallas Goedert88
175,118,0,0,0,0.0,0,0,0,0,0,0,0,0,0.0,0.0,54.5%,2013,Mike Gesicki88
176,224,0,0,0,0.0,0,0,0,0,0,0,0,0,0.0,0.0,54.5%,2014,Mike Gesicki88
177,238,0,0,0,0.0,0,0,0,0,0,0,0,0,0.0,0.0,54.5%,2015,Mike Gesicki88
178,244,0,0,0,0.0,0,0,0,0,0,0,0,0,0.0,0.0,54.5%,2016,Mike Gesicki88
179,230,0,0,0,0.0,0,0,0,0,0,0,0,0,0.0,0.0,54.5%,2017,Mike Gesicki88
180,61,22,32,202,9.2,27,1,0,0,0,0,1,16,18.2,1.1,54.5%,2018,Mike Gesicki88
181,11,51,89,570,11.2,34,7,5,0,0,0,1,16,85.0,5.3,54.5%,2019,Mike Gesicki88
182,119,0,0,0,0.0,0,0,0,0,0,0,0,0,0.0,0.0,0.0%,2013,Jason Croom80
183,108,0,0,0,0.0,0,0,0,0,0,0,0,0,0.0,0.0,0.0%,2014,Jason Croom80
184,117,0,0,0,0.0,0,0,0,0,0,0,0,0,0.0,0.0,0.0%,2015,Jason Croom80
185,128,0,0,0,0.0,0,0,0,0,0,0,0,0,0.0,0.0,0.0%,2016,Jason Croom80
186,110,0,0,0,0.0,0,0,0,0,0,0,0,0,0.0,0.0,0.0%,2017,Jason Croom80
187,46,22,35,259,11.8,26,5,1,0,0,0,2,15,27.9,1.9,0.0%,2018,Jason Croom80
188,201,0,0,0,0.0,0,0,0,0,0,0,0,1,0.0,0.0,0.0%,2019,Jason Croom80
189,120,0,0,0,0.0,0,0,0,0,0,0,0,0,0.0,0.0,0.2%,2013,Dalton Schultz86
190,235,0,0,0,0.0,0,0,0,0,0,0,0,0,0.0,0.0,0.2%,2014,Dalton Schultz86
191,241,0,0,0,0.0,0,0,0,0,0,0,0,0,0.0,0.0,0.2%,2015,Dalton Schultz86
192,229,0,0,0,0.0,0,0,0,0,0,0,0,0,0.0,0.0,0.2%,2016,Dalton Schultz86
193,216,0,0,0,0.0,0,0,0,0,0,0,0,0,0.0,0.0,0.2%,2017,Dalton Schultz86
194,73,12,17,116,9.7,17,0,0,0,0,0,0,11,11.6,1.1,0.2%,2018,Dalton Schultz86
195,113,1,2,6,6.0,6,0,0,0,0,0,0,16,0.6,0.0,0.2%,2019,Dalton Schultz86
196,121,0,0,0,0.0,0,0,0,0,0,0,0,0,0.0,0.0,30.5%,2013,Hayden Hurst81
197,234,0,0,0,0.0,0,0,0,0,0,0,0,0,0.0,0.0,30.5%,2014,Hayden Hurst81
198,240,0,0,0,0.0,0,0,0,0,0,0,0,0,0.0,0.0,30.5%,2015,Hayden Hurst81
199,237,0,0,0,0.0,0,0,0,0,0,0,0,0,0.0,0.0,30.5%,2016,Hayden Hurst81
200,224,0,0,0,0.0,0,0,0,0,0,0,0,0,0.0,0.0,30.5%,2017,Hayden Hurst81
201,56,13,23,163,12.5,32,3,1,1,0,0,0,12,22.3,1.9,30.5%,2018,Hayden Hurst81
202,34,30,39,349,11.6,61,4,2,0,0,0,0,16,46.9,2.9,30.5%,2019,Hayden Hurst81
203,122,0,0,0,0.0,0,0,0,0,0,0,0,0,0.0,0.0,0.0%,2013,Troy Fumagalli84
204,233,0,0,0,0.0,0,0,0,0,0,0,0,0,0.0,0.0,0.0%,2014,Troy Fumagalli84
205,239,0,0,0,0.0,0,0,0,0,0,0,0,0,0.0,0.0,0.0%,2015,Troy Fumagalli84
206,240,0,0,0,0.0,0,0,0,0,0,0,0,0,0.0,0.0,0.0%,2016,Troy Fumagalli84
207,227,0,0,0,0.0,0,0,0,0,0,0,0,0,0.0,0.0,0.0%,2017,Troy Fumagalli84
208,216,0,0,0,0.0,0,0,0,0,0,0,0,0,0.0,0.0,0.0%,2018,Troy Fumagalli84
209,79,6,9,38,6.3,9,0,1,0,0,0,0,11,9.8,0.9,0.0%,2019,Troy Fumagalli84
210,123,0,0,0,0.0,0,0,0,0,0,0,0,0,0.0,0.0,0.0%,2013,Anthony Kukwa42
211,114,0,0,0,0.0,0,0,0,0,0,0,0,0,0.0,0.0,0.0%,2014,Anthony Kukwa42
212,108,0,0,0,0.0,0,0,0,0,0,0,0,0,0.0,0.0,0.0%,2015,Anthony Kukwa42
213,122,0,0,0,0.0,0,0,0,0,0,0,0,0,0.0,0.0,0.0%,2016,Anthony Kukwa42
214,119,0,0,0,0.0,0,0,0,0,0,0,0,0,0.0,0.0,0.0%,2017,Anthony Kukwa42
215,219,0,0,0,0.0,0,0,0,0,0,0,0,0,0.0,0.0,0.0%,2018,Anthony Kukwa42
216,198,0,0,0,0.0,0,0,0,0,0,0,0,0,0.0,0.0,0.0%,2019,Anthony Kukwa42
217,124,0,0,0,0.0,0,0,0,0,0,0,0,0,0.0,0.0,0.5%,2013,Dan Arnold82
218,110,0,0,0,0.0,0,0,0,0,0,0,0,0,0.0,0.0,0.5%,2014,Dan Arnold82
219,113,0,0,0,0.0,0,0,0,0,0,0,0,0,0.0,0.0,0.5%,2015,Dan Arnold82
220,239,0,0,0,0.0,0,0,0,0,0,0,0,0,0.0,0.0,0.5%,2016,Dan Arnold82
221,226,0,0,0,0.0,0,0,0,0,0,0,0,0,0.0,0.0,0.5%,2017,Dan Arnold82
222,108,12,19,150,12.5,25,4,1,0,0,0,0,10,2.0,0.2,0.5%,2018,Dan Arnold82
223,49,8,14,127,15.9,37,3,2,0,0,0,0,6,24.7,4.1,0.5%,2019,Dan Arnold82
224,126,0,0,0,0.0,0,0,0,0,0,0,0,0,0.0,0.0,0.0%,2013,Pharaoh Brown86
225,113,0,0,0,0.0,0,0,0,0,0,0,0,0,0.0,0.0,0.0%,2014,Pharaoh Brown86
226,121,0,0,0,0.0,0,0,0,0,0,0,0,0,0.0,0.0,0.0%,2015,Pharaoh Brown86
227,125,0,0,0,0.0,0,0,0,0,0,0,0,0,0.0,0.0,0.0%,2016,Pharaoh Brown86
228,118,0,0,0,0.0,0,0,0,0,0,0,0,2,0.0,0.0,0.0%,2017,Pharaoh Brown86
229,220,0,0,0,0.0,0,0,0,0,0,0,0,0,0.0,0.0,0.0%,2018,Pharaoh Brown86
230,99,2,3,27,13.5,18,0,0,0,0,0,0,9,2.7,0.3,0.0%,2019,Pharaoh Brown86
231,128,0,0,0,0.0,0,0,0,0,0,0,0,0,0.0,0.0,0.0%,2013,Evan Baylis88
232,116,0,0,0,0.0,0,0,0,0,0,0,0,0,0.0,0.0,0.0%,2014,Evan Baylis88
233,122,0,0,0,0.0,0,0,0,0,0,0,0,0,0.0,0.0,0.0%,2015,Evan Baylis88
234,123,0,0,0,0.0,0,0,0,0,0,0,0,0,0.0,0.0,0.0%,2016,Evan Baylis88
235,121,0,0,0,0.0,0,0,0,0,0,0,0,1,0.0,0.0,0.0%,2017,Evan Baylis88
236,217,0,0,0,0.0,0,0,0,0,0,0,0,0,0.0,0.0,0.0%,2018,Evan Baylis88
237,199,0,0,0,0.0,0,0,0,0,0,0,0,5,0.0,0.0,0.0%,2019,Evan Baylis88
238,131,0,0,0,0.0,0,0,0,0,0,0,0,0,0.0,0.0,0.7%,2013,Jacob Hollister48
239,147,0,0,0,0.0,0,0,0,0,0,0,0,0,0.0,0.0,0.7%,2014,Jacob Hollister48
240,125,0,0,0,0.0,0,0,0,0,0,0,0,0,0.0,0.0,0.7%,2015,Jacob Hollister48
241,145,0,0,0,0.0,0,0,0,0,0,0,0,0,0.0,0.0,0.7%,2016,Jacob Hollister48
242,89,4,11,42,10.5,19,0,0,1,5,0,0,15,4.7,0.3,0.7%,2017,Jacob Hollister48
243,89,4,5,52,13.0,23,1,0,0,0,0,0,8,5.2,0.7,0.7%,2018,Jacob Hollister48
244,27,41,59,349,8.5,22,3,3,0,0,0,0,11,52.9,4.8,0.7%,2019,Jacob Hollister48
245,132,0,0,0,0.0,0,0,0,0,0,0,0,0,0.0,0.0,0.0%,2013,Johnny Mundt82
246,137,0,0,0,0.0,0,0,0,0,0,0,0,0,0.0,0.0,0.0%,2014,Johnny Mundt82
247,119,0,0,0,0.0,0,0,0,0,0,0,0,0,0.0,0.0,0.0%,2015,Johnny Mundt82
248,114,0,0,0,0.0,0,0,0,0,0,0,0,0,0.0,0.0,0.0%,2016,Johnny Mundt82
249,111,0,0,0,0.0,0,0,0,0,0,0,0,2,0.0,0.0,0.0%,2017,Johnny Mundt82
250,115,1,1,5,5.0,5,0,0,0,0,0,0,10,0.5,0.1,0.0%,2018,Johnny Mundt82
251,101,4,7,26,6.5,9,0,0,0,0,0,0,14,2.6,0.2,0.0%,2019,Johnny Mundt82
252,133,0,0,0,0.0,0,0,0,0,0,0,0,0,0.0,0.0,0.0%,2013,Ben Braunecker82
253,119,0,0,0,0.0,0,0,0,0,0,0,0,0,0.0,0.0,0.0%,2014,Ben Braunecker82
254,126,0,0,0,0.0,0,0,0,0,0,0,0,0,0.0,0.0,0.0%,2015,Ben Braunecker82
255,88,4,6,41,10.3,14,0,0,0,0,0,0,13,4.1,0.3,0.0%,2016,Ben Braunecker82
256,140,0,0,0,0.0,0,0,0,0,0,0,0,8,0.0,0.0,0.0%,2017,Ben Braunecker82
257,97,3,5,42,14.0,20,1,0,0,0,0,0,15,4.2,0.3,0.0%,2018,Ben Braunecker82
258,75,6,11,59,9.8,18,0,1,0,0,0,0,11,11.9,1.1,0.0%,2019,Ben Braunecker82
259,134,0,0,0,0.0,0,0,0,0,0,0,0,0,0.0,0.0,0.0%,2013,Moritz Bohringer49
260,120,0,0,0,0.0,0,0,0,0,0,0,0,0,0.0,0.0,0.0%,2014,Moritz Bohringer49
261,128,0,0,0,0.0,0,0,0,0,0,0,0,0,0.0,0.0,0.0%,2015,Moritz Bohringer49
262,140,0,0,0,0.0,0,0,0,0,0,0,0,0,0.0,0.0,0.0%,2016,Moritz Bohringer49
263,141,0,0,0,0.0,0,0,0,0,0,0,0,0,0.0,0.0,0.0%,2017,Moritz Bohringer49
264,141,0,0,0,0.0,0,0,0,0,0,0,0,0,0.0,0.0,0.0%,2018,Moritz Bohringer49
265,150,0,0,0,0.0,0,0,0,0,0,0,0,0,0.0,0.0,0.0%,2019,Moritz Bohringer49
266,135,0,0,0,0.0,0,0,0,0,0,0,0,0,0.0,0.0,0.0%,2013,Temarrick Hemingway84
267,121,0,0,0,0.0,0,0,0,0,0,0,0,0,0.0,0.0,0.0%,2014,Temarrick Hemingway84
268,129,0,0,0,0.0,0,0,0,0,0,0,0,0,0.0,0.0,0.0%,2015,Temarrick Hemingway84
269,139,0,0,0,0.0,0,0,0,0,0,0,0,8,0.0,0.0,0.0%,2016,Temarrick Hemingway84
270,139,0,0,0,0.0,0,0,0,0,0,0,0,0,0.0,0.0,0.0%,2017,Temarrick Hemingway84
271,152,0,0,0,0.0,0,0,0,0,0,0,0,5,0.0,0.0,0.0%,2018,Temarrick Hemingway84
272,121,0,0,0,0.0,0,0,0,0,0,0,0,0,0.0,0.0,0.0%,2019,Temarrick Hemingway84
273,136,0,0,0,0.0,0,0,0,0,0,0,0,0,0.0,0.0,0.0%,2013,J.P. Holtz81
274,122,0,0,0,0.0,0,0,0,0,0,0,0,0,0.0,0.0,0.0%,2014,J.P. Holtz81
275,157,0,0,0,0.0,0,0,0,0,0,0,0,0,0.0,0.0,0.0%,2015,J.P. Holtz81
276,137,0,0,0,0.0,0,0,0,0,0,0,0,0,0.0,0.0,0.0%,2016,J.P. Holtz81
277,127,0,0,0,0.0,0,0,0,0,0,0,0,0,0.0,0.0,0.0%,2017,J.P. Holtz81
278,160,0,0,0,0.0,0,0,0,0,0,0,0,0,0.0,0.0,0.0%,2018,J.P. Holtz81
279,82,7,8,91,13.0,30,1,0,0,0,0,0,15,9.1,0.6,0.0%,2019,J.P. Holtz81
280,137,0,0,0,0.0,0,0,0,0,0,0,0,0,0.0,0.0,0.0%,2013,Alex Ellis85
281,136,0,0,0,0.0,0,0,0,0,0,0,0,0,0.0,0.0,0.0%,2014,Alex Ellis85
282,158,0,0,0,0.0,0,0,0,0,0,0,0,0,0.0,0.0,0.0%,2015,Alex Ellis85
283,105,3,4,11,3.7,6,0,0,0,0,0,0,6,1.1,0.2,0.0%,2016,Alex Ellis85
284,134,0,0,0,0.0,0,0,0,0,0,0,0,0,0.0,0.0,0.0%,2017,Alex Ellis85
285,159,0,0,0,0.0,0,0,0,0,0,0,0,2,0.0,0.0,0.0%,2018,Alex Ellis85
286,122,0,0,0,0.0,0,0,0,0,0,0,0,3,0.0,0.0,0.0%,2019,Alex Ellis85
287,138,0,0,0,0.0,0,0,0,0,0,0,0,0,0.0,0.0,0.0%,2013,Ross Travis43
288,124,0,0,0,0.0,0,0,0,0,0,0,0,0,0.0,0.0,0.0%,2014,Ross Travis43
289,131,0,0,0,0.0,0,0,0,0,0,0,0,0,0.0,0.0,0.0%,2015,Ross Travis43
290,99,3,6,15,5.0,6,0,0,0,0,0,0,6,1.5,0.3,0.0%,2016,Ross Travis43
291,83,7,17,76,10.9,20,1,0,0,0,0,0,15,7.6,0.5,0.0%,2017,Ross Travis43
292,140,0,0,0,0.0,0,0,0,0,0,0,0,0,0.0,0.0,0.0%,2018,Ross Travis43
293,96,4,6,51,12.8,25,1,0,0,0,0,1,3,3.1,1.0,0.0%,2019,Ross Travis43
294,139,0,0,0,0.0,0,0,0,0,0,0,0,16,0.0,0.0,0.2%,2013,Beau Brinkley48
295,125,0,0,0,0.0,0,0,0,0,0,0,0,16,0.0,0.0,0.2%,2014,Beau Brinkley48
296,132,0,0,0,0.0,0,0,0,0,0,0,0,16,0.0,0.0,0.2%,2015,Beau Brinkley48
297,121,0,0,0,0.0,0,0,0,0,0,0,0,16,0.0,0.0,0.2%,2016,Beau Brinkley48
298,114,0,0,0,0.0,0,0,0,0,0,0,0,16,0.0,0.0,0.2%,2017,Beau Brinkley48
299,147,0,0,0,0.0,0,0,0,0,0,0,0,16,0.0,0.0,0.2%,2018,Beau Brinkley48
300,161,0,0,0,0.0,0,0,0,0,0,0,0,16,0.0,0.0,0.2%,2019,Beau Brinkley48
301,140,0,0,0,0.0,0,0,0,0,0,0,0,0,0.0,0.0,0.0%,2013,James Winchester41
302,126,0,0,0,0.0,0,0,0,0,0,0,0,0,0.0,0.0,0.0%,2014,James Winchester41
303,130,0,0,0,0.0,0,0,0,0,0,0,0,16,0.0,0.0,0.0%,2015,James Winchester41
304,129,0,0,0,0.0,0,0,0,0,0,0,0,16,0.0,0.0,0.0%,2016,James Winchester41
305,115,0,0,0,0.0,0,0,0,0,0,0,0,16,0.0,0.0,0.0%,2017,James Winchester41
306,150,0,0,0,0.0,0,0,0,0,0,0,0,16,0.0,0.0,0.0%,2018,James Winchester41
307,160,0,0,0,0.0,0,0,0,0,0,0,0,16,0.0,0.0,0.0%,2019,James Winchester41
308,141,0,0,0,0.0,0,0,0,0,0,0,0,0,0.0,0.0,0.0%,2013,Tyler Ott69
309,127,0,0,0,0.0,0,0,0,0,0,0,0,0,0.0,0.0,0.0%,2014,Tyler Ott69
310,133,0,0,0,0.0,0,0,0,0,0,0,0,1,0.0,0.0,0.0%,2015,Tyler Ott69
311,119,0,0,0,0.0,0,0,0,0,0,0,0,3,0.0,0.0,0.0%,2016,Tyler Ott69
312,124,0,0,0,0.0,0,0,0,0,0,0,0,16,0.0,0.0,0.0%,2017,Tyler Ott69
313,139,0,0,0,0.0,0,0,0,0,0,0,0,16,0.0,0.0,0.0%,2018,Tyler Ott69
314,159,0,0,0,0.0,0,0,0,0,0,0,0,16,0.0,0.0,0.0%,2019,Tyler Ott69
315,143,0,0,0,0.0,0,0,0,0,0,0,0,0,0.0,0.0,91.8%,2013,Hunter Henry86
316,131,0,0,0,0.0,0,0,0,0,0,0,0,0,0.0,0.0,91.8%,2014,Hunter Henry86
317,137,0,0,0,0.0,0,0,0,0,0,0,0,0,0.0,0.0,91.8%,2015,Hunter Henry86
318,11,36,53,478,13.3,59,7,8,0,0,0,1,15,94.2,6.3,91.8%,2016,Hunter Henry86
319,12,45,62,579,12.9,34,8,4,0,0,0,0,14,81.9,5.9,91.8%,2017,Hunter Henry86
320,148,0,0,0,0.0,0,0,0,0,0,0,0,0,0.0,0.0,91.8%,2018,Hunter Henry86
321,8,55,76,652,11.9,30,8,5,0,0,0,1,12,95.2,7.9,91.8%,2019,Hunter Henry86
322,144,0,0,0,0.0,0,0,0,0,0,0,0,0,0.0,0.0,0.0%,2013,Stephen Anderson82
323,130,0,0,0,0.0,0,0,0,0,0,0,0,0,0.0,0.0,0.0%,2014,Stephen Anderson82
324,127,0,0,0,0.0,0,0,0,0,0,0,0,0,0.0,0.0,0.0%,2015,Stephen Anderson82
325,62,11,16,93,8.5,14,0,1,0,0,0,0,13,15.3,1.2,0.0%,2016,Stephen Anderson82
326,34,25,52,342,13.7,42,5,1,0,0,0,0,15,40.2,2.7,0.0%,2017,Stephen Anderson82
327,142,0,0,0,0.0,0,0,0,0,0,0,0,0,0.0,0.0,0.0%,2018,Stephen Anderson82
328,140,0,0,0,0.0,0,0,0,0,0,0,0,1,0.0,0.0,0.0%,2019,Stephen Anderson82
329,145,0,0,0,0.0,0,0,0,0,0,0,0,0,0.0,0.0,91.1%,2013,Austin Hooper81
330,132,0,0,0,0.0,0,0,0,0,0,0,0,0,0.0,0.0,91.1%,2014,Austin Hooper81
331,138,0,0,0,0.0,0,0,0,0,0,0,0,0,0.0,0.0,91.1%,2015,Austin Hooper81
332,35,19,27,271,14.3,44,4,3,0,0,0,0,14,45.1,3.2,91.1%,2016,Austin Hooper81
333,18,49,65,526,10.7,88,5,3,0,0,0,0,16,70.6,4.4,91.1%,2017,Austin Hooper81
334,7,71,88,660,9.3,36,7,4,0,0,0,0,16,92.0,5.8,91.1%,2018,Austin Hooper81
335,7,75,97,787,10.5,35,8,6,0,0,0,0,13,116.7,9.0,91.1%,2019,Austin Hooper81
336,146,0,0,0,0.0,0,0,0,0,0,0,0,0,0.0,0.0,91.4%,2013,Tyler Higbee89
337,133,0,0,0,0.0,0,0,0,0,0,0,0,0,0.0,0.0,91.4%,2014,Tyler Higbee89
338,139,0,0,0,0.0,0,0,0,0,0,0,0,0,0.0,0.0,91.4%,2015,Tyler Higbee89
339,63,11,29,85,7.7,31,1,1,0,0,0,0,16,14.5,0.9,91.4%,2016,Tyler Higbee89
340,40,25,45,295,11.8,38,5,1,0,0,0,0,16,35.5,2.2,91.4%,2017,Tyler Higbee89
341,32,24,33,292,12.2,36,3,2,0,0,0,0,16,41.2,2.6,91.4%,2018,Tyler Higbee89
342,9,69,89,734,10.6,33,11,3,0,0,0,0,15,91.4,6.1,91.4%,2019,Tyler Higbee89
343,147,0,0,0,0.0,0,0,0,0,0,0,0,0,0.0,0.0,0.0%,2013,Nick Vannett88
344,134,0,0,0,0.0,0,0,0,0,0,0,0,0,0.0,0.0,0.0%,2014,Nick Vannett88
345,140,0,0,0,0.0,0,0,0,0,0,0,0,0,0.0,0.0,0.0%,2015,Nick Vannett88
346,91,3,4,32,10.7,21,1,0,0,0,0,0,9,3.2,0.4,0.0%,2016,Nick Vannett88
347,61,12,15,124,10.3,21,1,1,0,0,0,0,15,18.4,1.2,0.0%,2017,Nick Vannett88
348,29,29,43,269,9.3,32,1,3,0,0,0,0,15,44.9,3.0,0.0%,2018,Nick Vannett88
349,63,17,22,166,9.8,18,0,0,0,0,0,0,16,16.6,1.0,0.0%,2019,Nick Vannett88
350,148,0,0,0,0.0,0,0,0,0,0,0,0,0,0.0,0.0,0.0%,2013,Seth DeValve87
351,135,0,0,0,0.0,0,0,0,0,0,0,0,0,0.0,0.0,0.0%,2014,Seth DeValve87
352,141,0,0,0,0.0,0,0,0,0,0,0,0,0,0.0,0.0,0.0%,2015,Seth DeValve87
353,47,10,12,127,12.7,25,3,2,0,0,0,0,12,24.7,2.1,0.0%,2016,Seth DeValve87
354,31,33,58,395,12.0,49,7,1,0,0,0,1,16,43.5,2.7,0.0%,2017,Seth DeValve87
355,70,5,7,74,14.8,26,2,1,0,0,0,0,13,13.4,1.0,0.0%,2018,Seth DeValve87
356,70,12,18,140,11.7,20,1,0,0,0,0,0,12,14.0,1.2,0.0%,2019,Seth DeValve87
357,149,0,0,0,0.0,0,0,0,0,0,0,0,0,0.0,0.0,0.2%,2013,Ricky Seals-Jones83
358,155,0,0,0,0.0,0,0,0,0,0,0,0,0,0.0,0.0,0.2%,2014,Ricky Seals-Jones83
359,120,0,0,0,0.0,0,0,0,0,0,0,0,0,0.0,0.0,0.2%,2015,Ricky Seals-Jones83
360,115,0,0,0,0.0,0,0,0,0,0,0,0,0,0.0,0.0,0.2%,2016,Ricky Seals-Jones83
361,58,12,28,201,16.8,29,5,3,0,0,0,0,10,20.7,2.1,0.2%,2017,Ricky Seals-Jones83
362,33,34,70,343,10.1,40,5,1,0,0,0,0,15,40.3,2.7,0.2%,2018,Ricky Seals-Jones83
363,36,14,22,229,16.4,59,5,4,0,0,0,1,14,44.9,3.2,0.2%,2019,Ricky Seals-Jones83
364,150,0,0,0,0.0,0,0,0,0,0,0,0,0,0.0,0.0,0.0%,2013,Cole Hikutini87
365,146,0,0,0,0.0,0,0,0,0,0,0,0,0,0.0,0.0,0.0%,2014,Cole Hikutini87
366,142,0,0,0,0.0,0,0,0,0,0,0,0,0,0.0,0.0,0.0%,2015,Cole Hikutini87
367,130,0,0,0,0.0,0,0,0,0,0,0,0,0,0.0,0.0,0.0%,2016,Cole Hikutini87
368,105,2,3,15,7.5,10,0,0,0,0,0,0,4,1.5,0.4,0.0%,2017,Cole Hikutini87
369,127,0,0,0,0.0,0,0,0,0,0,0,0,0,0.0,0.0,0.0%,2018,Cole Hikutini87
370,209,0,0,0,0.0,0,0,0,0,0,0,0,0,0.0,0.0,0.0%,2019,Cole Hikutini87
371,151,0,0,0,0.0,0,0,0,0,0,0,0,0,0.0,0.0,0.1%,2013,Adam Shaheen87
372,149,0,0,0,0.0,0,0,0,0,0,0,0,0,0.0,0.0,0.1%,2014,Adam Shaheen87
373,148,0,0,0,0.0,0,0,0,0,0,0,0,0,0.0,0.0,0.1%,2015,Adam Shaheen87
374,153,0,0,0,0.0,0,0,0,0,0,0,0,0,0.0,0.0,0.1%,2016,Adam Shaheen87
375,43,12,14,127,10.6,31,2,3,0,0,0,0,13,30.7,2.4,0.1%,2017,Adam Shaheen87
376,71,5,6,48,9.6,23,1,1,0,0,0,0,6,12.8,2.1,0.1%,2018,Adam Shaheen87
377,85,9,13,74,8.2,18,0,0,0,0,0,1,8,7.4,0.9,0.1%,2019,Adam Shaheen87
378,152,0,0,0,0.0,0,0,0,0,0,0,0,0,0.0,0.0,0.0%,2013,Jordan Leggett81
379,156,0,0,0,0.0,0,0,0,0,0,0,0,0,0.0,0.0,0.0%,2014,Jordan Leggett81
380,149,0,0,0,0.0,0,0,0,0,0,0,0,0,0.0,0.0,0.0%,2015,Jordan Leggett81
381,142,0,0,0,0.0,0,0,0,0,0,0,0,0,0.0,0.0,0.0%,2016,Jordan Leggett81
382,143,0,0,0,0.0,0,0,0,0,0,0,0,0,0.0,0.0,0.0%,2017,Jordan Leggett81
383,62,14,25,114,8.1,16,0,1,0,0,0,0,15,17.4,1.2,0.0%,2018,Jordan Leggett81
384,129,0,0,0,0.0,0,0,0,0,0,0,0,0,0.0,0.0,0.0%,2019,Jordan Leggett81
385,153,0,0,0,0.0,0,0,0,0,0,0,0,0,0.0,0.0,1.7%,2013,Gerald Everett81
386,139,0,0,0,0.0,0,0,0,0,0,0,0,0,0.0,0.0,1.7%,2014,Gerald Everett81
387,150,0,0,0,0.0,0,0,0,0,0,0,0,0,0.0,0.0,1.7%,2015,Gerald Everett81
388,152,0,0,0,0.0,0,0,0,0,0,0,0,0,0.0,0.0,1.7%,2016,Gerald Everett81
389,37,16,32,244,15.3,69,4,2,1,13,0,1,16,35.7,2.2,1.7%,2017,Gerald Everett81
390,22,33,50,320,9.7,40,4,3,2,16,0,0,16,53.6,3.4,1.7%,2018,Gerald Everett81
391,28,37,60,408,11.0,33,6,2,1,0,0,0,13,52.8,4.1,1.7%,2019,Gerald Everett81
392,154,0,0,0,0.0,0,0,0,0,0,0,0,0,0.0,0.0,7.4%,2013,Jonnu Smith81
393,140,0,0,0,0.0,0,0,0,0,0,0,0,0,0.0,0.0,7.4%,2014,Jonnu Smith81
394,151,0,0,0,0.0,0,0,0,0,0,0,0,0,0.0,0.0,7.4%,2015,Jonnu Smith81
395,151,0,0,0,0.0,0,0,0,0,0,0,0,0,0.0,0.0,7.4%,2016,Jonnu Smith81
396,46,18,30,157,8.7,32,2,2,0,0,0,0,16,27.7,1.7,7.4%,2017,Jonnu Smith81
397,30,20,30,258,12.9,61,3,3,0,0,0,0,13,43.8,3.4,7.4%,2018,Jonnu Smith81
398,17,35,44,439,12.5,57,8,3,4,78,0,0,16,69.7,4.4,7.4%,2019,Jonnu Smith81
399,155,0,0,0,0.0,0,0,0,0,0,0,0,0,0.0,0.0,0.6%,2013,Jeremy Sprinkle87
400,141,0,0,0,0.0,0,0,0,0,0,0,0,0,0.0,0.0,0.6%,2014,Jeremy Sprinkle87
401,152,0,0,0,0.0,0,0,0,0,0,0,0,0,0.0,0.0,0.6%,2015,Jeremy Sprinkle87
402,150,0,0,0,0.0,0,0,0,0,0,0,0,0,0.0,0.0,0.6%,2016,Jeremy Sprinkle87
403,85,2,3,13,6.5,7,0,1,0,0,0,0,11,7.3,0.7,0.6%,2017,Jeremy Sprinkle87
404,76,5,9,41,8.2,15,0,1,0,0,0,0,16,10.1,0.6,0.6%,2018,Jeremy Sprinkle87
405,44,26,40,241,9.3,23,2,1,0,0,0,0,16,30.1,1.9,0.6%,2019,Jeremy Sprinkle87
406,156,0,0,0,0.0,0,0,0,0,0,0,0,0,0.0,0.0,99.6%,2013,George Kittle85
407,142,0,0,0,0.0,0,0,0,0,0,0,0,0,0.0,0.0,99.6%,2014,George Kittle85
408,153,0,0,0,0.0,0,0,0,0,0,0,0,0,0.0,0.0,99.6%,2015,George Kittle85
409,149,0,0,0,0.0,0,0,0,0,0,0,0,0,0.0,0.0,99.6%,2016,George Kittle85
410,21,43,63,515,12.0,44,8,2,0,0,0,0,15,63.5,4.2,99.6%,2017,George Kittle85
411,2,88,135,1377,15.6,85,20,5,1,10,0,0,16,170.7,10.7,99.6%,2018,George Kittle85
412,3,85,107,1053,12.4,61,16,5,5,22,0,0,14,137.5,9.8,99.6%,2019,George Kittle85
413,157,0,0,0,0.0,0,0,0,0,0,0,0,0,0.0,0.0,0.0%,2013,Michael Roberts8
414,143,0,0,0,0.0,0,0,0,0,0,0,0,0,0.0,0.0,0.0%,2014,Michael Roberts8
415,154,0,0,0,0.0,0,0,0,0,0,0,0,0,0.0,0.0,0.0%,2015,Michael Roberts8
416,148,0,0,0,0.0,0,0,0,0,0,0,0,0,0.0,0.0,0.0%,2016,Michael Roberts8
417,92,4,7,46,11.5,23,1,0,0,0,0,0,15,4.6,0.3,0.0%,2017,Michael Roberts8
418,45,9,20,100,11.1,29,1,3,0,0,0,0,8,28.0,3.5,0.0%,2018,Michael Roberts8
419,195,0,0,0,0.0,0,0,0,0,0,0,0,0,0.0,0.0,0.0%,2019,Michael Roberts8
420,158,0,0,0,0.0,0,0,0,0,0,0,0,0,0.0,0.0,0.0%,2013,Antony Auclair82
421,144,0,0,0,0.0,0,0,0,0,0,0,0,0,0.0,0.0,0.0%,2014,Antony Auclair82
422,155,0,0,0,0.0,0,0,0,0,0,0,0,0,0.0,0.0,0.0%,2015,Antony Auclair82
423,147,0,0,0,0.0,0,0,0,0,0,0,0,0,0.0,0.0,0.0%,2016,Antony Auclair82
424,100,2,2,25,12.5,14,0,0,0,0,0,0,8,2.5,0.3,0.0%,2017,Antony Auclair82
425,93,7,8,48,6.9,12,0,0,0,0,0,0,16,4.8,0.3,0.0%,2018,Antony Auclair82
426,106,1,3,11,11.0,11,0,0,0,0,0,0,8,1.1,0.1,0.0%,2019,Antony Auclair82
427,159,0,0,0,0.0,0,0,0,0,0,0,0,0,0.0,0.0,0.1%,2013,Robert Tonyan85
428,145,0,0,0,0.0,0,0,0,0,0,0,0,0,0.0,0.0,0.1%,2014,Robert Tonyan85
429,156,0,0,0,0.0,0,0,0,0,0,0,0,0,0.0,0.0,0.1%,2015,Robert Tonyan85
430,146,0,0,0,0.0,0,0,0,0,0,0,0,0,0.0,0.0,0.1%,2016,Robert Tonyan85
431,133,0,0,0,0.0,0,0,0,0,0,0,0,0,0.0,0.0,0.1%,2017,Robert Tonyan85
432,69,4,6,77,19.3,54,1,1,0,0,0,0,16,13.7,0.9,0.1%,2018,Robert Tonyan85
433,65,10,15,100,10.0,28,2,1,0,0,0,0,11,16.0,1.5,0.1%,2019,Robert Tonyan85
434,160,0,0,0,0.0,0,0,0,0,0,0,0,0,0.0,0.0,0.0%,2013,Mason Schreck86
435,148,0,0,0,0.0,0,0,0,0,0,0,0,0,0.0,0.0,0.0%,2014,Mason Schreck86
436,110,0,0,0,0.0,0,0,0,0,0,0,0,0,0.0,0.0,0.0%,2015,Mason Schreck86
437,144,0,0,0,0.0,0,0,0,0,0,0,0,0,0.0,0.0,0.0%,2016,Mason Schreck86
438,137,0,0,0,0.0,0,0,0,0,0,0,0,0,0.0,0.0,0.0%,2017,Mason Schreck86
439,132,0,0,0,0.0,0,0,0,0,0,0,0,6,0.0,0.0,0.0%,2018,Mason Schreck86
440,207,0,0,0,0.0,0,0,0,0,0,0,0,3,0.0,0.0,0.0%,2019,Mason Schreck86
441,161,0,0,0,0.0,0,0,0,0,0,0,0,0,0.0,0.0,0.0%,2013,Cethan Carter82
442,150,0,0,0,0.0,0,0,0,0,0,0,0,0,0.0,0.0,0.0%,2014,Cethan Carter82
443,109,0,0,0,0.0,0,0,0,0,0,0,0,0,0.0,0.0,0.0%,2015,Cethan Carter82
444,143,0,0,0,0.0,0,0,0,0,0,0,0,0,0.0,0.0,0.0%,2016,Cethan Carter82
445,136,0,1,0,0.0,0,0,0,0,0,0,0,16,0.0,0.0,0.0%,2017,Cethan Carter82
446,131,0,0,0,0.0,0,0,0,0,0,0,0,0,0.0,0.0,0.0%,2018,Cethan Carter82
447,86,2,3,13,6.5,8,0,1,0,0,0,0,15,7.3,0.5,0.0%,2019,Cethan Carter82
448,162,0,0,0,0.0,0,0,0,0,0,0,0,0,0.0,0.0,0.4%,2013,Mo Alie-Cox81
449,151,0,0,0,0.0,0,0,0,0,0,0,0,0,0.0,0.0,0.4%,2014,Mo Alie-Cox81
450,107,0,0,0,0.0,0,0,0,0,0,0,0,0,0.0,0.0,0.4%,2015,Mo Alie-Cox81
451,141,0,0,0,0.0,0,0,0,0,0,0,0,0,0.0,0.0,0.4%,2016,Mo Alie-Cox81
452,122,0,0,0,0.0,0,0,0,0,0,0,0,0,0.0,0.0,0.4%,2017,Mo Alie-Cox81
453,50,7,14,133,19.0,34,4,2,0,0,0,0,9,25.3,2.8,0.4%,2018,Mo Alie-Cox81
454,80,8,11,93,11.6,21,1,0,0,0,0,0,16,9.3,0.6,0.4%,2019,Mo Alie-Cox81
455,163,0,0,0,0.0,0,0,0,0,0,0,0,0,0.0,0.0,0.0%,2013,Darrell Daniels81
456,152,0,0,0,0.0,0,0,0,0,0,0,0,0,0.0,0.0,0.0%,2014,Darrell Daniels81
457,106,0,0,0,0.0,0,0,0,0,0,0,0,0,0.0,0.0,0.0%,2015,Darrell Daniels81
458,131,0,0,0,0.0,0,0,0,0,0,0,0,0,0.0,0.0,0.0%,2016,Darrell Daniels81
459,99,3,13,26,8.7,13,0,0,0,0,0,0,12,2.6,0.2,0.0%,2017,Darrell Daniels81
460,128,0,2,0,0.0,0,0,0,0,0,0,0,10,0.0,0.0,0.0%,2018,Darrell Daniels81
461,116,1,3,4,4.0,4,0,0,0,0,0,0,11,0.4,0.0,0.0%,2019,Darrell Daniels81
462,164,0,0,0,0.0,0,0,0,0,0,0,0,0,0.0,0.0,16.0%,2013,Blake Jarwin89
463,153,0,0,0,0.0,0,0,0,0,0,0,0,0,0.0,0.0,16.0%,2014,Blake Jarwin89
464,118,0,0,0,0.0,0,0,0,0,0,0,0,0,0.0,0.0,16.0%,2015,Blake Jarwin89
465,111,0,0,0,0.0,0,0,0,0,0,0,0,0,0.0,0.0,16.0%,2016,Blake Jarwin89
466,113,0,0,0,0.0,0,0,0,0,0,0,0,1,0.0,0.0,16.0%,2017,Blake Jarwin89
467,26,27,36,307,11.4,39,3,3,0,0,0,0,16,48.7,3.0,16.0%,2018,Blake Jarwin89
468,25,31,41,365,11.8,42,8,3,0,0,0,0,16,54.5,3.4,16.0%,2019,Blake Jarwin89
469,165,0,0,0,0.0,0,0,0,0,0,0,0,0,0.0,0.0,0.0%,2013,Eric Saubert43
470,154,0,0,0,0.0,0,0,0,0,0,0,0,0,0.0,0.0,0.0%,2014,Eric Saubert43
471,123,0,0,0,0.0,0,0,0,0,0,0,0,0,0.0,0.0,0.0%,2015,Eric Saubert43
472,116,0,0,0,0.0,0,0,0,0,0,0,0,0,0.0,0.0,0.0%,2016,Eric Saubert43
473,112,0,0,0,0.0,0,0,0,0,0,0,0,14,0.0,0.0,0.0%,2017,Eric Saubert43
474,94,5,9,48,9.6,17,0,0,0,0,0,0,16,4.8,0.3,0.0%,2018,Eric Saubert43
475,102,2,3,21,10.5,11,0,0,0,0,0,0,2,2.1,1.1,0.0%,2019,Eric Saubert43
476,166,0,0,0,0.0,0,0,0,0,0,0,0,0,0.0,0.0,0.1%,2013,Jake Butt80
477,157,0,0,0,0.0,0,0,0,0,0,0,0,0,0.0,0.0,0.1%,2014,Jake Butt80
478,143,0,0,0,0.0,0,0,0,0,0,0,0,0,0.0,0.0,0.1%,2015,Jake Butt80
479,154,0,0,0,0.0,0,0,0,0,0,0,0,0,0.0,0.0,0.1%,2016,Jake Butt80
480,144,0,0,0,0.0,0,0,0,0,0,0,0,0,0.0,0.0,0.1%,2017,Jake Butt80
481,80,8,13,85,10.6,22,2,0,0,0,0,0,3,8.5,2.8,0.1%,2018,Jake Butt80
482,130,0,0,0,0.0,0,0,0,0,0,0,0,1,0.0,0.0,0.1%,2019,Jake Butt80
483,167,0,0,0,0.0,0,0,0,0,0,0,0,0,0.0,0.0,95.8%,2013,Evan Engram88
484,166,0,0,0,0.0,0,0,0,0,0,0,0,0,0.0,0.0,95.8%,2014,Evan Engram88
485,147,0,0,0,0.0,0,0,0,0,0,0,0,0,0.0,0.0,95.8%,2015,Evan Engram88
486,155,0,0,0,0.0,0,0,0,0,0,0,0,0,0.0,0.0,95.8%,2016,Evan Engram88
487,5,64,115,722,11.3,35,11,6,1,14,0,0,15,109.6,7.3,95.8%,2017,Evan Engram88
488,13,45,64,577,12.8,54,8,3,3,36,0,0,11,81.3,7.4,95.8%,2018,Evan Engram88
489,19,44,68,467,10.6,75,4,3,3,7,0,0,8,65.4,8.2,95.8%,2019,Evan Engram88
490,170,0,0,0,0.0,0,0,0,0,0,0,0,0,0.0,0.0,0.0%,2013,Cedrick Lang68
491,159,0,0,0,0.0,0,0,0,0,0,0,0,0,0.0,0.0,0.0%,2014,Cedrick Lang68
492,160,0,0,0,0.0,0,0,0,0,0,0,0,0,0.0,0.0,0.0%,2015,Cedrick Lang68
493,133,0,0,0,0.0,0,0,0,0,0,0,0,0,0.0,0.0,0.0%,2016,Cedrick Lang68
494,129,0,0,0,0.0,0,0,0,0,0,0,0,0,0.0,0.0,0.0%,2017,Cedrick Lang68
495,157,0,0,0,0.0,0,0,0,0,0,0,0,0,0.0,0.0,0.0%,2018,Cedrick Lang68
496,134,0,0,0,0.0,0,0,0,0,0,0,0,0,0.0,0.0,0.0%,2019,Cedrick Lang68
497,171,0,0,0,0.0,0,0,0,0,0,0,0,0,0.0,0.0,0.0%,2013,Cole Wick85
498,160,0,0,0,0.0,0,0,0,0,0,0,0,0,0.0,0.0,0.0%,2014,Cole Wick85
499,162,0,0,0,0.0,0,0,0,0,0,0,0,0,0.0,0.0,0.0%,2015,Cole Wick85
500,97,2,3,18,9.0,13,0,0,0,0,0,0,6,1.8,0.3,0.0%,2016,Cole Wick85
501,128,0,0,0,0.0,0,0,0,0,0,0,0,0,0.0,0.0,0.0%,2017,Cole Wick85
502,156,0,1,0,0.0,0,0,0,0,0,0,0,5,0.0,0.0,0.0%,2018,Cole Wick85
503,139,0,0,0,0.0,0,0,0,0,0,0,0,1,0.0,0.0,0.0%,2019,Cole Wick85
504,172,0,0,0,0.0,0,0,0,0,0,0,0,0,0.0,0.0,0.0%,2013,Garrett Griffin45
505,162,0,0,0,0.0,0,0,0,0,0,0,0,0,0.0,0.0,0.0%,2014,Garrett Griffin45
506,161,0,0,0,0.0,0,0,0,0,0,0,0,0,0.0,0.0,0.0%,2015,Garrett Griffin45
507,136,0,0,0,0.0,0,0,0,0,0,0,0,0,0.0,0.0,0.0%,2016,Garrett Griffin45
508,106,1,1,4,4.0,4,0,0,0,0,0,0,3,0.4,0.1,0.0%,2017,Garrett Griffin45
509,155,0,0,0,0.0,0,0,0,0,0,0,0,0,0.0,0.0,0.0%,2018,Garrett Griffin45
510,137,0,0,0,0.0,0,0,0,0,0,0,0,0,0.0,0.0,0.0%,2019,Garrett Griffin45
511,173,0,0,0,0.0,0,0,0,0,0,0,0,0,0.0,0.0,0.0%,2013,Jason Vander Laan86
512,163,0,0,0,0.0,0,0,0,0,0,0,0,0,0.0,0.0,0.0%,2014,Jason Vander Laan86
513,144,0,0,0,0.0,0,0,0,0,0,0,0,0,0.0,0.0,0.0%,2015,Jason Vander Laan86
514,159,0,0,0,0.0,0,0,0,0,0,0,0,0,0.0,0.0,0.0%,2016,Jason Vander Laan86
515,126,0,0,0,0.0,0,0,0,0,0,0,0,4,0.0,0.0,0.0%,2017,Jason Vander Laan86
516,124,0,0,0,0.0,0,0,0,0,0,0,0,0,0.0,0.0,0.0%,2018,Jason Vander Laan86
517,124,0,1,0,0.0,0,0,0,0,0,0,0,2,0.0,0.0,0.0%,2019,Jason Vander Laan86
518,174,0,0,0,0.0,0,0,0,0,0,0,0,0,0.0,0.0,40.9%,2013,O.J. Howard80
519,164,0,0,0,0.0,0,0,0,0,0,0,0,0,0.0,0.0,40.9%,2014,O.J. Howard80
520,145,0,0,0,0.0,0,0,0,0,0,0,0,0,0.0,0.0,40.9%,2015,O.J. Howard80
521,157,0,0,0,0.0,0,0,0,0,0,0,0,0,0.0,0.0,40.9%,2016,O.J. Howard80
522,17,26,39,432,16.6,58,9,6,0,0,0,2,14,75.2,5.4,40.9%,2017,O.J. Howard80
523,10,34,48,565,16.6,75,11,5,0,0,0,0,10,86.5,8.7,40.9%,2018,O.J. Howard80
524,31,34,53,459,13.5,33,8,1,0,0,0,1,14,49.9,3.6,40.9%,2019,O.J. Howard80
525,175,0,0,0,0.0,0,0,0,0,0,0,0,0,0.0,0.0,3.3%,2013,David Njoku85
526,165,0,0,0,0.0,0,0,0,0,0,0,0,0,0.0,0.0,3.3%,2014,David Njoku85
527,146,0,0,0,0.0,0,0,0,0,0,0,0,0,0.0,0.0,3.3%,2015,David Njoku85
528,156,0,0,0,0.0,0,0,0,0,0,0,0,0,0.0,0.0,3.3%,2016,David Njoku85
529,22,32,60,386,12.1,34,8,4,1,1,0,0,16,62.7,3.9,3.3%,2017,David Njoku85
530,8,56,88,639,11.4,66,9,4,0,0,0,0,16,87.9,5.5,3.3%,2018,David Njoku85
531,78,5,10,41,8.2,18,0,1,0,0,0,0,4,10.1,2.5,3.3%,2019,David Njoku85
532,177,0,0,0,0.0,0,0,0,0,0,0,0,0,0.0,0.0,0.0%,2013,Codey McElroy86
533,231,0,0,0,0.0,0,0,0,0,0,0,0,0,0.0,0.0,0.0%,2014,Codey McElroy86
534,265,0,0,0,0.0,0,0,0,0,0,0,0,0,0.0,0.0,0.0%,2015,Codey McElroy86
535,265,0,0,0,0.0,0,0,0,0,0,0,0,0,0.0,0.0,0.0%,2016,Codey McElroy86
536,251,0,0,0,0.0,0,0,0,0,0,0,0,0,0.0,0.0,0.0%,2017,Codey McElroy86
537,229,0,0,0,0.0,0,0,0,0,0,0,0,0,0.0,0.0,0.0%,2018,Codey McElroy86
538,97,1,1,30,30.0,30,1,0,0,0,0,0,1,3.0,3.0,0.0%,2019,Codey McElroy86
539,178,0,0,0,0.0,0,0,0,0,0,0,0,0,0.0,0.0,0.0%,2013,Andrew Vollert87
540,240,0,0,0,0.0,0,0,0,0,0,0,0,0,0.0,0.0,0.0%,2014,Andrew Vollert87
541,233,0,0,0,0.0,0,0,0,0,0,0,0,0,0.0,0.0,0.0%,2015,Andrew Vollert87
542,227,0,0,0,0.0,0,0,0,0,0,0,0,0,0.0,0.0,0.0%,2016,Andrew Vollert87
543,214,0,0,0,0.0,0,0,0,0,0,0,0,0,0.0,0.0,0.0%,2017,Andrew Vollert87
544,236,0,0,0,0.0,0,0,0,0,0,0,0,0,0.0,0.0,0.0%,2018,Andrew Vollert87
545,217,0,0,0,0.0,0,0,0,0,0,0,0,0,0.0,0.0,0.0%,2019,Andrew Vollert87
546,179,0,0,0,0.0,0,0,0,0,0,0,0,0,0.0,0.0,0.0%,2013,Jared Pinkney
547,177,0,0,0,0.0,0,0,0,0,0,0,0,0,0.0,0.0,0.0%,2014,Jared Pinkney
548,175,0,0,0,0.0,0,0,0,0,0,0,0,0,0.0,0.0,0.0%,2015,Jared Pinkney
549,183,0,0,0,0.0,0,0,0,0,0,0,0,0,0.0,0.0,0.0%,2016,Jared Pinkney
550,169,0,0,0,0.0,0,0,0,0,0,0,0,0,0.0,0.0,0.0%,2017,Jared Pinkney
551,195,0,0,0,0.0,0,0,0,0,0,0,0,0,0.0,0.0,0.0%,2018,Jared Pinkney
552,173,0,0,0,0.0,0,0,0,0,0,0,0,0,0.0,0.0,0.0%,2019,Jared Pinkney
553,180,0,0,0,0.0,0,0,0,0,0,0,0,0,0.0,0.0,0.0%,2013,Darion Clark44
554,169,0,0,0,0.0,0,0,0,0,0,0,0,0,0.0,0.0,0.0%,2014,Darion Clark44
555,171,0,0,0,0.0,0,0,0,0,0,0,0,0,0.0,0.0,0.0%,2015,Darion Clark44
556,167,0,0,0,0.0,0,0,0,0,0,0,0,0,0.0,0.0,0.0%,2016,Darion Clark44
557,153,0,0,0,0.0,0,0,0,0,0,0,0,0,0.0,0.0,0.0%,2017,Darion Clark44
558,192,0,0,0,0.0,0,0,0,0,0,0,0,0,0.0,0.0,0.0%,2018,Darion Clark44
559,167,0,0,0,0.0,0,0,0,0,0,0,0,0,0.0,0.0,0.0%,2019,Darion Clark44
560,181,0,0,0,0.0,0,0,0,0,0,0,0,0,0.0,0.0,0.3%,2013,Cole Kmet84
561,173,0,0,0,0.0,0,0,0,0,0,0,0,0,0.0,0.0,0.3%,2014,Cole Kmet84
562,172,0,0,0,0.0,0,0,0,0,0,0,0,0,0.0,0.0,0.3%,2015,Cole Kmet84
563,168,0,0,0,0.0,0,0,0,0,0,0,0,0,0.0,0.0,0.3%,2016,Cole Kmet84
564,154,0,0,0,0.0,0,0,0,0,0,0,0,0,0.0,0.0,0.3%,2017,Cole Kmet84
565,193,0,0,0,0.0,0,0,0,0,0,0,0,0,0.0,0.0,0.3%,2018,Cole Kmet84
566,170,0,0,0,0.0,0,0,0,0,0,0,0,0,0.0,0.0,0.3%,2019,Cole Kmet84
567,182,0,0,0,0.0,0,0,0,0,0,0,0,0,0.0,0.0,0.0%,2013,Brycen Hopkins88
568,175,0,0,0,0.0,0,0,0,0,0,0,0,0,0.0,0.0,0.0%,2014,Brycen Hopkins88
569,173,0,0,0,0.0,0,0,0,0,0,0,0,0,0.0,0.0,0.0%,2015,Brycen Hopkins88
570,169,0,0,0,0.0,0,0,0,0,0,0,0,0,0.0,0.0,0.0%,2016,Brycen Hopkins88
571,155,0,0,0,0.0,0,0,0,0,0,0,0,0,0.0,0.0,0.0%,2017,Brycen Hopkins88
572,190,0,0,0,0.0,0,0,0,0,0,0,0,0,0.0,0.0,0.0%,2018,Brycen Hopkins88
573,171,0,0,0,0.0,0,0,0,0,0,0,0,0,0.0,0.0,0.0%,2019,Brycen Hopkins88
574,183,0,0,0,0.0,0,0,0,0,0,0,0,0,0.0,0.0,0.0%,2013,Hunter Bryant1
575,176,0,0,0,0.0,0,0,0,0,0,0,0,0,0.0,0.0,0.0%,2014,Hunter Bryant1
576,174,0,0,0,0.0,0,0,0,0,0,0,0,0,0.0,0.0,0.0%,2015,Hunter Bryant1
577,170,0,0,0,0.0,0,0,0,0,0,0,0,0,0.0,0.0,0.0%,2016,Hunter Bryant1
578,156,0,0,0,0.0,0,0,0,0,0,0,0,0,0.0,0.0,0.0%,2017,Hunter Bryant1
579,194,0,0,0,0.0,0,0,0,0,0,0,0,0,0.0,0.0,0.0%,2018,Hunter Bryant1
580,165,0,0,0,0.0,0,0,0,0,0,0,0,0,0.0,0.0,0.0%,2019,Hunter Bryant1
581,184,0,0,0,0.0,0,0,0,0,0,0,0,0,0.0,0.0,0.0%,2013,Jacob Breeland27
582,178,0,0,0,0.0,0,0,0,0,0,0,0,0,0.0,0.0,0.0%,2014,Jacob Breeland27
583,176,0,0,0,0.0,0,0,0,0,0,0,0,0,0.0,0.0,0.0%,2015,Jacob Breeland27
584,171,0,0,0,0.0,0,0,0,0,0,0,0,0,0.0,0.0,0.0%,2016,Jacob Breeland27
585,157,0,0,0,0.0,0,0,0,0,0,0,0,0,0.0,0.0,0.0%,2017,Jacob Breeland27
586,196,0,0,0,0.0,0,0,0,0,0,0,0,0,0.0,0.0,0.0%,2018,Jacob Breeland27
587,175,0,0,0,0.0,0,0,0,0,0,0,0,0,0.0,0.0,0.0%,2019,Jacob Breeland27
588,185,0,0,0,0.0,0,0,0,0,0,0,0,0,0.0,0.0,0.0%,2013,Parker Hesse49
589,171,0,0,0,0.0,0,0,0,0,0,0,0,0,0.0,0.0,0.0%,2014,Parker Hesse49
590,169,0,0,0,0.0,0,0,0,0,0,0,0,0,0.0,0.0,0.0%,2015,Parker Hesse49
591,165,0,0,0,0.0,0,0,0,0,0,0,0,0,0.0,0.0,0.0%,2016,Parker Hesse49
592,151,0,0,0,0.0,0,0,0,0,0,0,0,0,0.0,0.0,0.0%,2017,Parker Hesse49
593,202,0,0,0,0.0,0,0,0,0,0,0,0,0,0.0,0.0,0.0%,2018,Parker Hesse49
594,190,0,0,0,0.0,0,0,0,0,0,0,0,0,0.0,0.0,0.0%,2019,Parker Hesse49
595,186,0,0,0,0.0,0,0,0,0,0,0,0,0,0.0,0.0,0.0%,2013,Colby Parkinson84
596,179,0,0,0,0.0,0,0,0,0,0,0,0,0,0.0,0.0,0.0%,2014,Colby Parkinson84
597,177,0,0,0,0.0,0,0,0,0,0,0,0,0,0.0,0.0,0.0%,2015,Colby Parkinson84
598,184,0,0,0,0.0,0,0,0,0,0,0,0,0,0.0,0.0,0.0%,2016,Colby Parkinson84
599,170,0,0,0,0.0,0,0,0,0,0,0,0,0,0.0,0.0,0.0%,2017,Colby Parkinson84
600,197,0,0,0,0.0,0,0,0,0,0,0,0,0,0.0,0.0,0.0%,2018,Colby Parkinson84
601,211,0,0,0,0.0,0,0,0,0,0,0,0,0,0.0,0.0,0.0%,2019,Colby Parkinson84
602,187,0,0,0,0.0,0,0,0,0,0,0,0,0,0.0,0.0,0.0%,2013,Harrison Bryant40
603,180,0,0,0,0.0,0,0,0,0,0,0,0,0,0.0,0.0,0.0%,2014,Harrison Bryant40
604,187,0,0,0,0.0,0,0,0,0,0,0,0,0,0.0,0.0,0.0%,2015,Harrison Bryant40
605,207,0,0,0,0.0,0,0,0,0,0,0,0,0,0.0,0.0,0.0%,2016,Harrison Bryant40
606,193,0,0,0,0.0,0,0,0,0,0,0,0,0,0.0,0.0,0.0%,2017,Harrison Bryant40
607,198,0,0,0,0.0,0,0,0,0,0,0,0,0,0.0,0.0,0.0%,2018,Harrison Bryant40
608,212,0,0,0,0.0,0,0,0,0,0,0,0,0,0.0,0.0,0.0%,2019,Harrison Bryant40
609,188,0,0,0,0.0,0,0,0,0,0,0,0,0,0.0,0.0,0.1%,2013,Adam Trautman82
610,181,0,0,0,0.0,0,0,0,0,0,0,0,0,0.0,0.0,0.1%,2014,Adam Trautman82
611,178,0,0,0,0.0,0,0,0,0,0,0,0,0,0.0,0.0,0.1%,2015,Adam Trautman82
612,209,0,0,0,0.0,0,0,0,0,0,0,0,0,0.0,0.0,0.1%,2016,Adam Trautman82
613,195,0,0,0,0.0,0,0,0,0,0,0,0,0,0.0,0.0,0.1%,2017,Adam Trautman82
614,199,0,0,0,0.0,0,0,0,0,0,0,0,0,0.0,0.0,0.1%,2018,Adam Trautman82
615,213,0,0,0,0.0,0,0,0,0,0,0,0,0,0.0,0.0,0.1%,2019,Adam Trautman82
616,189,0,0,0,0.0,0,0,0,0,0,0,0,0,0.0,0.0,0.1%,2013,Devin Asiasi86
617,190,0,0,0,0.0,0,0,0,0,0,0,0,0,0.0,0.0,0.1%,2014,Devin Asiasi86
618,188,0,0,0,0.0,0,0,0,0,0,0,0,0,0.0,0.0,0.1%,2015,Devin Asiasi86
619,210,0,0,0,0.0,0,0,0,0,0,0,0,0,0.0,0.0,0.1%,2016,Devin Asiasi86
620,196,0,0,0,0.0,0,0,0,0,0,0,0,0,0.0,0.0,0.1%,2017,Devin Asiasi86
621,200,0,0,0,0.0,0,0,0,0,0,0,0,0,0.0,0.0,0.1%,2018,Devin Asiasi86
622,216,0,0,0,0.0,0,0,0,0,0,0,0,0,0.0,0.0,0.1%,2019,Devin Asiasi86
623,190,0,0,0,0.0,0,0,0,0,0,0,0,0,0.0,0.0,0.0%,2013,Josiah Deguara81
624,184,0,0,0,0.0,0,0,0,0,0,0,0,0,0.0,0.0,0.0%,2014,Josiah Deguara81
625,209,0,0,0,0.0,0,0,0,0,0,0,0,0,0.0,0.0,0.0%,2015,Josiah Deguara81
626,211,0,0,0,0.0,0,0,0,0,0,0,0,0,0.0,0.0,0.0%,2016,Josiah Deguara81
627,197,0,0,0,0.0,0,0,0,0,0,0,0,0,0.0,0.0,0.0%,2017,Josiah Deguara81
628,201,0,0,0,0.0,0,0,0,0,0,0,0,0,0.0,0.0,0.0%,2018,Josiah Deguara81
629,219,0,0,0,0.0,0,0,0,0,0,0,0,0,0.0,0.0,0.0%,2019,Josiah Deguara81
630,191,0,0,0,0.0,0,0,0,0,0,0,0,0,0.0,0.0,0.0%,2013,Chris Myarick85
631,172,0,0,0,0.0,0,0,0,0,0,0,0,0,0.0,0.0,0.0%,2014,Chris Myarick85
632,170,0,0,0,0.0,0,0,0,0,0,0,0,0,0.0,0.0,0.0%,2015,Chris Myarick85
633,166,0,0,0,0.0,0,0,0,0,0,0,0,0,0.0,0.0,0.0%,2016,Chris Myarick85
634,152,0,0,0,0.0,0,0,0,0,0,0,0,0,0.0,0.0,0.0%,2017,Chris Myarick85
635,191,0,0,0,0.0,0,0,0,0,0,0,0,0,0.0,0.0,0.0%,2018,Chris Myarick85
636,193,0,0,0,0.0,0,0,0,0,0,0,0,0,0.0,0.0,0.0%,2019,Chris Myarick85
637,192,0,0,0,0.0,0,0,0,0,0,0,0,0,0.0,0.0,0.0%,2013,Jared Rice
638,211,0,0,0,0.0,0,0,0,0,0,0,0,0,0.0,0.0,0.0%,2014,Jared Rice
639,211,0,0,0,0.0,0,0,0,0,0,0,0,0,0.0,0.0,0.0%,2015,Jared Rice
640,212,0,0,0,0.0,0,0,0,0,0,0,0,0,0.0,0.0,0.0%,2016,Jared Rice
641,198,0,0,0,0.0,0,0,0,0,0,0,0,0,0.0,0.0,0.0%,2017,Jared Rice
642,205,0,0,0,0.0,0,0,0,0,0,0,0,0,0.0,0.0,0.0%,2018,Jared Rice
643,220,0,0,0,0.0,0,0,0,0,0,0,0,0,0.0,0.0,0.0%,2019,Jared Rice
644,193,0,0,0,0.0,0,0,0,0,0,0,0,0,0.0,0.0,0.0%,2013,Matt Sokol46
645,189,0,0,0,0.0,0,0,0,0,0,0,0,0,0.0,0.0,0.0%,2014,Matt Sokol46
646,186,0,0,0,0.0,0,0,0,0,0,0,0,0,0.0,0.0,0.0%,2015,Matt Sokol46
647,161,0,0,0,0.0,0,0,0,0,0,0,0,0,0.0,0.0,0.0%,2016,Matt Sokol46
648,147,0,0,0,0.0,0,0,0,0,0,0,0,0,0.0,0.0,0.0%,2017,Matt Sokol46
649,206,0,0,0,0.0,0,0,0,0,0,0,0,0,0.0,0.0,0.0%,2018,Matt Sokol46
650,183,0,0,0,0.0,0,0,0,0,0,0,0,0,0.0,0.0,0.0%,2019,Matt Sokol46
651,194,0,0,0,0.0,0,0,0,0,0,0,0,0,0.0,0.0,0.0%,2013,Charles Jones85
652,170,0,0,0,0.0,0,0,0,0,0,0,0,0,0.0,0.0,0.0%,2014,Charles Jones85
653,168,0,0,0,0.0,0,0,0,0,0,0,0,0,0.0,0.0,0.0%,2015,Charles Jones85
654,160,0,0,0,0.0,0,0,0,0,0,0,0,0,0.0,0.0,0.0%,2016,Charles Jones85
655,146,0,0,0,0.0,0,0,0,0,0,0,0,0,0.0,0.0,0.0%,2017,Charles Jones85
656,203,0,0,0,0.0,0,0,0,0,0,0,0,0,0.0,0.0,0.0%,2018,Charles Jones85
657,114,1,1,5,5.0,5,0,0,0,0,0,0,4,0.5,0.1,0.0%,2019,Charles Jones85
658,195,0,0,0,0.0,0,0,0,0,0,0,0,0,0.0,0.0,0.0%,2013,Cole Herdman88
659,183,0,0,0,0.0,0,0,0,0,0,0,0,0,0.0,0.0,0.0%,2014,Cole Herdman88
660,165,0,0,0,0.0,0,0,0,0,0,0,0,0,0.0,0.0,0.0%,2015,Cole Herdman88
661,162,0,0,0,0.0,0,0,0,0,0,0,0,0,0.0,0.0,0.0%,2016,Cole Herdman88
662,148,0,0,0,0.0,0,0,0,0,0,0,0,0,0.0,0.0,0.0%,2017,Cole Herdman88
663,207,0,0,0,0.0,0,0,0,0,0,0,0,0,0.0,0.0,0.0%,2018,Cole Herdman88
664,182,0,0,0,0.0,0,0,0,0,0,0,0,0,0.0,0.0,0.0%,2019,Cole Herdman88
665,196,0,0,0,0.0,0,0,0,0,0,0,0,0,0.0,0.0,0.0%,2013,Justin Johnson86
666,174,0,0,0,0.0,0,0,0,0,0,0,0,0,0.0,0.0,0.0%,2014,Justin Johnson86
667,166,0,0,0,0.0,0,0,0,0,0,0,0,0,0.0,0.0,0.0%,2015,Justin Johnson86
668,163,0,0,0,0.0,0,0,0,0,0,0,0,0,0.0,0.0,0.0%,2016,Justin Johnson86
669,149,0,0,0,0.0,0,0,0,0,0,0,0,0,0.0,0.0,0.0%,2017,Justin Johnson86
670,208,0,0,0,0.0,0,0,0,0,0,0,0,0,0.0,0.0,0.0%,2018,Justin Johnson86
671,181,0,0,0,0.0,0,0,0,0,0,0,0,0,0.0,0.0,0.0%,2019,Justin Johnson86
672,197,0,0,0,0.0,0,0,0,0,0,0,0,0,0.0,0.0,0.0%,2013,Ian Bunting48
673,182,0,0,0,0.0,0,0,0,0,0,0,0,0,0.0,0.0,0.0%,2014,Ian Bunting48
674,167,0,0,0,0.0,0,0,0,0,0,0,0,0,0.0,0.0,0.0%,2015,Ian Bunting48
675,164,0,0,0,0.0,0,0,0,0,0,0,0,0,0.0,0.0,0.0%,2016,Ian Bunting48
676,150,0,0,0,0.0,0,0,0,0,0,0,0,0,0.0,0.0,0.0%,2017,Ian Bunting48
677,209,0,0,0,0.0,0,0,0,0,0,0,0,0,0.0,0.0,0.0%,2018,Ian Bunting48
678,123,0,0,0,0.0,0,0,0,0,0,0,0,0,0.0,0.0,0.0%,2019,Ian Bunting48
679,198,0,0,0,0.0,0,0,0,0,0,0,0,0,0.0,0.0,0.0%,2013,Nate Becker84
680,188,0,0,0,0.0,0,0,0,0,0,0,0,0,0.0,0.0,0.0%,2014,Nate Becker84
681,185,0,0,0,0.0,0,0,0,0,0,0,0,0,0.0,0.0,0.0%,2015,Nate Becker84
682,182,0,0,0,0.0,0,0,0,0,0,0,0,0,0.0,0.0,0.0%,2016,Nate Becker84
683,168,0,0,0,0.0,0,0,0,0,0,0,0,0,0.0,0.0,0.0%,2017,Nate Becker84
684,204,0,0,0,0.0,0,0,0,0,0,0,0,0,0.0,0.0,0.0%,2018,Nate Becker84
685,180,0,0,0,0.0,0,0,0,0,0,0,0,0,0.0,0.0,0.0%,2019,Nate Becker84
686,199,0,0,0,0.0,0,0,0,0,0,0,0,0,0.0,0.0,0.0%,2013,Cam Sutton15
687,199,0,0,0,0.0,0,0,0,0,0,0,0,0,0.0,0.0,0.0%,2014,Cam Sutton15
688,198,0,0,0,0.0,0,0,0,0,0,0,0,0,0.0,0.0,0.0%,2015,Cam Sutton15
689,197,0,0,0,0.0,0,0,0,0,0,0,0,0,0.0,0.0,0.0%,2016,Cam Sutton15
690,183,0,0,0,0.0,0,0,0,0,0,0,0,0,0.0,0.0,0.0%,2017,Cam Sutton15
691,121,0,0,0,0.0,0,0,0,0,0,0,0,0,0.0,0.0,0.0%,2018,Cam Sutton15
692,162,0,0,0,0.0,0,0,0,0,0,0,0,0,0.0,0.0,0.0%,2019,Cam Sutton15
693,200,0,0,0,0.0,0,0,0,0,0,0,0,0,0.0,0.0,0.0%,2013,Nate Wieting
694,194,0,0,0,0.0,0,0,0,0,0,0,0,0,0.0,0.0,0.0%,2014,Nate Wieting
695,193,0,0,0,0.0,0,0,0,0,0,0,0,0,0.0,0.0,0.0%,2015,Nate Wieting
696,191,0,0,0,0.0,0,0,0,0,0,0,0,0,0.0,0.0,0.0%,2016,Nate Wieting
697,177,0,0,0,0.0,0,0,0,0,0,0,0,0,0.0,0.0,0.0%,2017,Nate Wieting
698,137,0,0,0,0.0,0,0,0,0,0,0,0,0,0.0,0.0,0.0%,2018,Nate Wieting
699,133,0,0,0,0.0,0,0,0,0,0,0,0,0,0.0,0.0,0.0%,2019,Nate Wieting
700,201,0,0,0,0.0,0,0,0,0,0,0,0,0,0.0,0.0,0.0%,2013,Eli Wolf17
701,195,0,0,0,0.0,0,0,0,0,0,0,0,0,0.0,0.0,0.0%,2014,Eli Wolf17
702,194,0,0,0,0.0,0,0,0,0,0,0,0,0,0.0,0.0,0.0%,2015,Eli Wolf17
703,192,0,0,0,0.0,0,0,0,0,0,0,0,0,0.0,0.0,0.0%,2016,Eli Wolf17
704,178,0,0,0,0.0,0,0,0,0,0,0,0,0,0.0,0.0,0.0%,2017,Eli Wolf17
705,138,0,0,0,0.0,0,0,0,0,0,0,0,0,0.0,0.0,0.0%,2018,Eli Wolf17
706,135,0,0,0,0.0,0,0,0,0,0,0,0,0,0.0,0.0,0.0%,2019,Eli Wolf17
707,202,0,0,0,0.0,0,0,0,0,0,0,0,0,0.0,0.0,0.0%,2013,Dylan Stapleton
708,196,0,0,0,0.0,0,0,0,0,0,0,0,0,0.0,0.0,0.0%,2014,Dylan Stapleton
709,195,0,0,0,0.0,0,0,0,0,0,0,0,0,0.0,0.0,0.0%,2015,Dylan Stapleton
710,193,0,0,0,0.0,0,0,0,0,0,0,0,0,0.0,0.0,0.0%,2016,Dylan Stapleton
711,179,0,0,0,0.0,0,0,0,0,0,0,0,0,0.0,0.0,0.0%,2017,Dylan Stapleton
712,125,0,0,0,0.0,0,0,0,0,0,0,0,0,0.0,0.0,0.0%,2018,Dylan Stapleton
713,136,0,0,0,0.0,0,0,0,0,0,0,0,0,0.0,0.0,0.0%,2019,Dylan Stapleton
714,203,0,0,0,0.0,0,0,0,0,0,0,0,0,0.0,0.0,0.0%,2013,Tommy Hudson
715,197,0,0,0,0.0,0,0,0,0,0,0,0,0,0.0,0.0,0.0%,2014,Tommy Hudson
716,196,0,0,0,0.0,0,0,0,0,0,0,0,0,0.0,0.0,0.0%,2015,Tommy Hudson
717,194,0,0,0,0.0,0,0,0,0,0,0,0,0,0.0,0.0,0.0%,2016,Tommy Hudson
718,180,0,0,0,0.0,0,0,0,0,0,0,0,0,0.0,0.0,0.0%,2017,Tommy Hudson
719,133,0,0,0,0.0,0,0,0,0,0,0,0,0,0.0,0.0,0.0%,2018,Tommy Hudson
720,149,0,0,0,0.0,0,0,0,0,0,0,0,0,0.0,0.0,0.0%,2019,Tommy Hudson
721,204,0,0,0,0.0,0,0,0,0,0,0,0,0,0.0,0.0,0.0%,2013,Nakia Griffin-Stewart89
722,198,0,0,0,0.0,0,0,0,0,0,0,0,0,0.0,0.0,0.0%,2014,Nakia Griffin-Stewart89
723,197,0,0,0,0.0,0,0,0,0,0,0,0,0,0.0,0.0,0.0%,2015,Nakia Griffin-Stewart89
724,186,0,0,0,0.0,0,0,0,0,0,0,0,0,0.0,0.0,0.0%,2016,Nakia Griffin-Stewart89
725,172,0,0,0,0.0,0,0,0,0,0,0,0,0,0.0,0.0,0.0%,2017,Nakia Griffin-Stewart89
726,117,0,0,0,0.0,0,0,0,0,0,0,0,0,0.0,0.0,0.0%,2018,Nakia Griffin-Stewart89
727,154,0,0,0,0.0,0,0,0,0,0,0,0,0,0.0,0.0,0.0%,2019,Nakia Griffin-Stewart89
728,205,0,0,0,0.0,0,0,0,0,0,0,0,0,0.0,0.0,0.0%,2013,Caleb Repp87
729,192,0,0,0,0.0,0,0,0,0,0,0,0,0,0.0,0.0,0.0%,2014,Caleb Repp87
730,190,0,0,0,0.0,0,0,0,0,0,0,0,0,0.0,0.0,0.0%,2015,Caleb Repp87
731,195,0,0,0,0.0,0,0,0,0,0,0,0,0,0.0,0.0,0.0%,2016,Caleb Repp87
732,181,0,0,0,0.0,0,0,0,0,0,0,0,0,0.0,0.0,0.0%,2017,Caleb Repp87
733,120,0,0,0,0.0,0,0,0,0,0,0,0,0,0.0,0.0,0.0%,2018,Caleb Repp87
734,155,0,0,0,0.0,0,0,0,0,0,0,0,0,0.0,0.0,0.0%,2019,Caleb Repp87
735,206,0,0,0,0.0,0,0,0,0,0,0,0,0,0.0,0.0,0.0%,2013,Chase Harrell83
736,201,0,0,0,0.0,0,0,0,0,0,0,0,0,0.0,0.0,0.0%,2014,Chase Harrell83
737,200,0,0,0,0.0,0,0,0,0,0,0,0,0,0.0,0.0,0.0%,2015,Chase Harrell83
738,198,0,0,0,0.0,0,0,0,0,0,0,0,0,0.0,0.0,0.0%,2016,Chase Harrell83
739,184,0,0,0,0.0,0,0,0,0,0,0,0,0,0.0,0.0,0.0%,2017,Chase Harrell83
740,122,0,0,0,0.0,0,0,0,0,0,0,0,0,0.0,0.0,0.0%,2018,Chase Harrell83
741,144,0,0,0,0.0,0,0,0,0,0,0,0,0,0.0,0.0,0.0%,2019,Chase Harrell83
742,207,0,0,0,0.0,0,0,0,0,0,0,0,0,0.0,0.0,0.0%,2013,Jake Burt
743,208,0,0,0,0.0,0,0,0,0,0,0,0,0,0.0,0.0,0.0%,2014,Jake Burt
744,191,0,0,0,0.0,0,0,0,0,0,0,0,0,0.0,0.0,0.0%,2015,Jake Burt
745,189,0,0,0,0.0,0,0,0,0,0,0,0,0,0.0,0.0,0.0%,2016,Jake Burt
746,175,0,0,0,0.0,0,0,0,0,0,0,0,0,0.0,0.0,0.0%,2017,Jake Burt
747,129,0,0,0,0.0,0,0,0,0,0,0,0,0,0.0,0.0,0.0%,2018,Jake Burt
748,131,0,0,0,0.0,0,0,0,0,0,0,0,0,0.0,0.0,0.0%,2019,Jake Burt
749,208,0,0,0,0.0,0,0,0,0,0,0,0,0,0.0,0.0,0.0%,2013,Parker Houston
750,202,0,0,0,0.0,0,0,0,0,0,0,0,0,0.0,0.0,0.0%,2014,Parker Houston
751,201,0,0,0,0.0,0,0,0,0,0,0,0,0,0.0,0.0,0.0%,2015,Parker Houston
752,199,0,0,0,0.0,0,0,0,0,0,0,0,0,0.0,0.0,0.0%,2016,Parker Houston
753,185,0,0,0,0.0,0,0,0,0,0,0,0,0,0.0,0.0,0.0%,2017,Parker Houston
754,143,0,0,0,0.0,0,0,0,0,0,0,0,0,0.0,0.0,0.0%,2018,Parker Houston
755,141,0,0,0,0.0,0,0,0,0,0,0,0,0,0.0,0.0,0.0%,2019,Parker Houston
756,209,0,0,0,0.0,0,0,0,0,0,0,0,0,0.0,0.0,0.0%,2013,Ryan Becker
757,203,0,0,0,0.0,0,0,0,0,0,0,0,0,0.0,0.0,0.0%,2014,Ryan Becker
758,202,0,0,0,0.0,0,0,0,0,0,0,0,0,0.0,0.0,0.0%,2015,Ryan Becker
759,200,0,0,0,0.0,0,0,0,0,0,0,0,0,0.0,0.0,0.0%,2016,Ryan Becker
760,186,0,0,0,0.0,0,0,0,0,0,0,0,0,0.0,0.0,0.0%,2017,Ryan Becker
761,144,0,0,0,0.0,0,0,0,0,0,0,0,0,0.0,0.0,0.0%,2018,Ryan Becker
762,143,0,0,0,0.0,0,0,0,0,0,0,0,0,0.0,0.0,0.0%,2019,Ryan Becker
763,210,0,0,0,0.0,0,0,0,0,0,0,0,0,0.0,0.0,0.0%,2013,Bryce Sterk
764,204,0,0,0,0.0,0,0,0,0,0,0,0,0,0.0,0.0,0.0%,2014,Bryce Sterk
765,203,0,0,0,0.0,0,0,0,0,0,0,0,0,0.0,0.0,0.0%,2015,Bryce Sterk
766,201,0,0,0,0.0,0,0,0,0,0,0,0,0,0.0,0.0,0.0%,2016,Bryce Sterk
767,187,0,0,0,0.0,0,0,0,0,0,0,0,0,0.0,0.0,0.0%,2017,Bryce Sterk
768,145,0,0,0,0.0,0,0,0,0,0,0,0,0,0.0,0.0,0.0%,2018,Bryce Sterk
769,145,0,0,0,0.0,0,0,0,0,0,0,0,0,0.0,0.0,0.0%,2019,Bryce Sterk
770,211,0,0,0,0.0,0,0,0,0,0,0,0,0,0.0,0.0,0.0%,2013,Farrod Green41
771,205,0,0,0,0.0,0,0,0,0,0,0,0,0,0.0,0.0,0.0%,2014,Farrod Green41
772,204,0,0,0,0.0,0,0,0,0,0,0,0,0,0.0,0.0,0.0%,2015,Farrod Green41
773,202,0,0,0,0.0,0,0,0,0,0,0,0,0,0.0,0.0,0.0%,2016,Farrod Green41
774,188,0,0,0,0.0,0,0,0,0,0,0,0,0,0.0,0.0,0.0%,2017,Farrod Green41
775,146,0,0,0,0.0,0,0,0,0,0,0,0,0,0.0,0.0,0.0%,2018,Farrod Green41
776,146,0,0,0,0.0,0,0,0,0,0,0,0,0,0.0,0.0,0.0%,2019,Farrod Green41
777,212,0,0,0,0.0,0,0,0,0,0,0,0,0,0.0,0.0,0.0%,2013,Nick Bowers
778,206,0,0,0,0.0,0,0,0,0,0,0,0,0,0.0,0.0,0.0%,2014,Nick Bowers
779,205,0,0,0,0.0,0,0,0,0,0,0,0,0,0.0,0.0,0.0%,2015,Nick Bowers
780,203,0,0,0,0.0,0,0,0,0,0,0,0,0,0.0,0.0,0.0%,2016,Nick Bowers
781,189,0,0,0,0.0,0,0,0,0,0,0,0,0,0.0,0.0,0.0%,2017,Nick Bowers
782,153,0,0,0,0.0,0,0,0,0,0,0,0,0,0.0,0.0,0.0%,2018,Nick Bowers
783,147,0,0,0,0.0,0,0,0,0,0,0,0,0,0.0,0.0,0.0%,2019,Nick Bowers
784,213,0,0,0,0.0,0,0,0,0,0,0,0,0,0.0,0.0,0.0%,2013,Gabe Nabers
785,207,0,0,0,0.0,0,0,0,0,0,0,0,0,0.0,0.0,0.0%,2014,Gabe Nabers
786,206,0,0,0,0.0,0,0,0,0,0,0,0,0,0.0,0.0,0.0%,2015,Gabe Nabers
787,204,0,0,0,0.0,0,0,0,0,0,0,0,0,0.0,0.0,0.0%,2016,Gabe Nabers
788,190,0,0,0,0.0,0,0,0,0,0,0,0,0,0.0,0.0,0.0%,2017,Gabe Nabers
789,126,0,0,0,0.0,0,0,0,0,0,0,0,0,0.0,0.0,0.0%,2018,Gabe Nabers
790,148,0,0,0,0.0,0,0,0,0,0,0,0,0,0.0,0.0,0.0%,2019,Gabe Nabers
791,215,0,0,0,0.0,0,0,0,0,0,0,0,0,0.0,0.0,0.0%,2013,Tyler Davis87
792,200,0,0,0,0.0,0,0,0,0,0,0,0,0,0.0,0.0,0.0%,2014,Tyler Davis87
793,207,0,0,0,0.0,0,0,0,0,0,0,0,0,0.0,0.0,0.0%,2015,Tyler Davis87
794,188,0,0,0,0.0,0,0,0,0,0,0,0,0,0.0,0.0,0.0%,2016,Tyler Davis87
795,174,0,0,0,0.0,0,0,0,0,0,0,0,0,0.0,0.0,0.0%,2017,Tyler Davis87
796,130,0,0,0,0.0,0,0,0,0,0,0,0,0,0.0,0.0,0.0%,2018,Tyler Davis87
797,128,0,0,0,0.0,0,0,0,0,0,0,0,0,0.0,0.0,0.0%,2019,Tyler Davis87
798,216,0,0,0,0.0,0,0,0,0,0,0,0,0,0.0,0.0,0.0%,2013,Stephen Sullivan10
799,216,0,0,0,0.0,0,0,0,0,0,0,0,0,0.0,0.0,0.0%,2014,Stephen Sullivan10
800,216,0,0,0,0.0,0,0,0,0,0,0,0,0,0.0,0.0,0.0%,2015,Stephen Sullivan10
801,217,0,0,0,0.0,0,0,0,0,0,0,0,0,0.0,0.0,0.0%,2016,Stephen Sullivan10
802,203,0,0,0,0.0,0,0,0,0,0,0,0,0,0.0,0.0,0.0%,2017,Stephen Sullivan10
803,222,0,0,0,0.0,0,0,0,0,0,0,0,0,0.0,0.0,0.0%,2018,Stephen Sullivan10
804,205,0,0,0,0.0,0,0,0,0,0,0,0,0,0.0,0.0,0.0%,2019,Stephen Sullivan10
805,217,0,0,0,0.0,0,0,0,0,0,0,0,0,0.0,0.0,0.0%,2013,Mitchell Wilcox84
806,212,0,0,0,0.0,0,0,0,0,0,0,0,0,0.0,0.0,0.0%,2014,Mitchell Wilcox84
807,212,0,0,0,0.0,0,0,0,0,0,0,0,0,0.0,0.0,0.0%,2015,Mitchell Wilcox84
808,208,0,0,0,0.0,0,0,0,0,0,0,0,0,0.0,0.0,0.0%,2016,Mitchell Wilcox84
809,194,0,0,0,0.0,0,0,0,0,0,0,0,0,0.0,0.0,0.0%,2017,Mitchell Wilcox84
810,231,0,0,0,0.0,0,0,0,0,0,0,0,0,0.0,0.0,0.0%,2018,Mitchell Wilcox84
811,196,0,0,0,0.0,0,0,0,0,0,0,0,0,0.0,0.0,0.0%,2019,Mitchell Wilcox84
812,218,0,0,0,0.0,0,0,0,0,0,0,0,0,0.0,0.0,0.0%,2013,Dalton Keene29
813,213,0,0,0,0.0,0,0,0,0,0,0,0,0,0.0,0.0,0.0%,2014,Dalton Keene29
814,210,0,0,0,0.0,0,0,0,0,0,0,0,0,0.0,0.0,0.0%,2015,Dalton Keene29
815,214,0,0,0,0.0,0,0,0,0,0,0,0,0,0.0,0.0,0.0%,2016,Dalton Keene29
816,200,0,0,0,0.0,0,0,0,0,0,0,0,0,0.0,0.0,0.0%,2017,Dalton Keene29
817,241,0,0,0,0.0,0,0,0,0,0,0,0,0,0.0,0.0,0.0%,2018,Dalton Keene29
818,200,0,0,0,0.0,0,0,0,0,0,0,0,0,0.0,0.0,0.0%,2019,Dalton Keene29
819,219,0,0,0,0.0,0,0,0,0,0,0,0,0,0.0,0.0,0.0%,2013,Thaddeus Moss46
820,210,0,0,0,0.0,0,0,0,0,0,0,0,0,0.0,0.0,0.0%,2014,Thaddeus Moss46
821,214,0,0,0,0.0,0,0,0,0,0,0,0,0,0.0,0.0,0.0%,2015,Thaddeus Moss46
822,215,0,0,0,0.0,0,0,0,0,0,0,0,0,0.0,0.0,0.0%,2016,Thaddeus Moss46
823,201,0,0,0,0.0,0,0,0,0,0,0,0,0,0.0,0.0,0.0%,2017,Thaddeus Moss46
824,233,0,0,0,0.0,0,0,0,0,0,0,0,0,0.0,0.0,0.0%,2018,Thaddeus Moss46
825,203,0,0,0,0.0,0,0,0,0,0,0,0,0,0.0,0.0,0.0%,2019,Thaddeus Moss46
826,220,0,0,0,0.0,0,0,0,0,0,0,0,0,0.0,0.0,0.0%,2013,Kyle Markway
827,214,0,0,0,0.0,0,0,0,0,0,0,0,0,0.0,0.0,0.0%,2014,Kyle Markway
828,215,0,0,0,0.0,0,0,0,0,0,0,0,0,0.0,0.0,0.0%,2015,Kyle Markway
829,216,0,0,0,0.0,0,0,0,0,0,0,0,0,0.0,0.0,0.0%,2016,Kyle Markway
830,202,0,0,0,0.0,0,0,0,0,0,0,0,0,0.0,0.0,0.0%,2017,Kyle Markway
831,223,0,0,0,0.0,0,0,0,0,0,0,0,0,0.0,0.0,0.0%,2018,Kyle Markway
832,204,0,0,0,0.0,0,0,0,0,0,0,0,0,0.0,0.0,0.0%,2019,Kyle Markway
833,222,0,0,0,0.0,0,0,0,0,0,0,0,0,0.0,0.0,0.0%,2013,Giovanni Ricci
834,209,0,0,0,0.0,0,0,0,0,0,0,0,0,0.0,0.0,0.0%,2014,Giovanni Ricci
835,199,0,0,0,0.0,0,0,0,0,0,0,0,0,0.0,0.0,0.0%,2015,Giovanni Ricci
836,187,0,0,0,0.0,0,0,0,0,0,0,0,0,0.0,0.0,0.0%,2016,Giovanni Ricci
837,173,0,0,0,0.0,0,0,0,0,0,0,0,0,0.0,0.0,0.0%,2017,Giovanni Ricci
838,135,0,0,0,0.0,0,0,0,0,0,0,0,0,0.0,0.0,0.0%,2018,Giovanni Ricci
839,127,0,0,0,0.0,0,0,0,0,0,0,0,0,0.0,0.0,0.0%,2019,Giovanni Ricci
840,223,0,0,0,0.0,0,0,0,0,0,0,0,0,0.0,0.0,0.0%,2013,Charlie Taumoepeau
841,218,0,0,0,0.0,0,0,0,0,0,0,0,0,0.0,0.0,0.0%,2014,Charlie Taumoepeau
842,218,0,0,0,0.0,0,0,0,0,0,0,0,0,0.0,0.0,0.0%,2015,Charlie Taumoepeau
843,219,0,0,0,0.0,0,0,0,0,0,0,0,0,0.0,0.0,0.0%,2016,Charlie Taumoepeau
844,205,0,0,0,0.0,0,0,0,0,0,0,0,0,0.0,0.0,0.0%,2017,Charlie Taumoepeau
845,211,0,0,0,0.0,0,0,0,0,0,0,0,0,0.0,0.0,0.0%,2018,Charlie Taumoepeau
846,208,0,0,0,0.0,0,0,0,0,0,0,0,0,0.0,0.0,0.0%,2019,Charlie Taumoepeau
847,224,0,0,0,0.0,0,0,0,0,0,0,0,0,0.0,0.0,0.0%,2013,Charlie Woerner89
848,219,0,0,0,0.0,0,0,0,0,0,0,0,0,0.0,0.0,0.0%,2014,Charlie Woerner89
849,219,0,0,0,0.0,0,0,0,0,0,0,0,0,0.0,0.0,0.0%,2015,Charlie Woerner89
850,220,0,0,0,0.0,0,0,0,0,0,0,0,0,0.0,0.0,0.0%,2016,Charlie Woerner89
851,206,0,0,0,0.0,0,0,0,0,0,0,0,0,0.0,0.0,0.0%,2017,Charlie Woerner89
852,218,0,0,0,0.0,0,0,0,0,0,0,0,0,0.0,0.0,0.0%,2018,Charlie Woerner89
853,210,0,0,0,0.0,0,0,0,0,0,0,0,0,0.0,0.0,0.0%,2019,Charlie Woerner89
854,225,0,0,0,0.0,0,0,0,0,0,0,0,0,0.0,0.0,0.0%,2013,Noah Togiai81
855,220,0,0,0,0.0,0,0,0,0,0,0,0,0,0.0,0.0,0.0%,2014,Noah Togiai81
856,220,0,0,0,0.0,0,0,0,0,0,0,0,0,0.0,0.0,0.0%,2015,Noah Togiai81
857,213,0,0,0,0.0,0,0,0,0,0,0,0,0,0.0,0.0,0.0%,2016,Noah Togiai81
858,199,0,0,0,0.0,0,0,0,0,0,0,0,0,0.0,0.0,0.0%,2017,Noah Togiai81
859,210,0,0,0,0.0,0,0,0,0,0,0,0,0,0.0,0.0,0.0%,2018,Noah Togiai81
860,164,0,0,0,0.0,0,0,0,0,0,0,0,0,0.0,0.0,0.0%,2019,Noah Togiai81
861,226,0,0,0,0.0,0,0,0,0,0,0,0,0,0.0,0.0,0.0%,2013,Ben Ellefson86
862,221,0,0,0,0.0,0,0,0,0,0,0,0,0,0.0,0.0,0.0%,2014,Ben Ellefson86
863,221,0,0,0,0.0,0,0,0,0,0,0,0,0,0.0,0.0,0.0%,2015,Ben Ellefson86
864,206,0,0,0,0.0,0,0,0,0,0,0,0,0,0.0,0.0,0.0%,2016,Ben Ellefson86
865,192,0,0,0,0.0,0,0,0,0,0,0,0,0,0.0,0.0,0.0%,2017,Ben Ellefson86
866,161,0,0,0,0.0,0,0,0,0,0,0,0,0,0.0,0.0,0.0%,2018,Ben Ellefson86
867,163,0,0,0,0.0,0,0,0,0,0,0,0,0,0.0,0.0,0.0%,2019,Ben Ellefson86
868,227,0,0,0,0.0,0,0,0,0,0,0,0,0,0.0,0.0,0.0%,2013,Tyler Mabry
869,222,0,0,0,0.0,0,0,0,0,0,0,0,0,0.0,0.0,0.0%,2014,Tyler Mabry
870,213,0,0,0,0.0,0,0,0,0,0,0,0,0,0.0,0.0,0.0%,2015,Tyler Mabry
871,196,0,0,0,0.0,0,0,0,0,0,0,0,0,0.0,0.0,0.0%,2016,Tyler Mabry
872,182,0,0,0,0.0,0,0,0,0,0,0,0,0,0.0,0.0,0.0%,2017,Tyler Mabry
873,118,0,0,0,0.0,0,0,0,0,0,0,0,0,0.0,0.0,0.0%,2018,Tyler Mabry
874,125,0,0,0,0.0,0,0,0,0,0,0,0,0,0.0,0.0,0.0%,2019,Tyler Mabry
875,228,0,0,0,0.0,0,0,0,0,0,0,0,0,0.0,0.0,0.0%,2013,Sean McKeon
876,215,0,0,0,0.0,0,0,0,0,0,0,0,0,0.0,0.0,0.0%,2014,Sean McKeon
877,208,0,0,0,0.0,0,0,0,0,0,0,0,0,0.0,0.0,0.0%,2015,Sean McKeon
878,205,0,0,0,0.0,0,0,0,0,0,0,0,0,0.0,0.0,0.0%,2016,Sean McKeon
879,191,0,0,0,0.0,0,0,0,0,0,0,0,0,0.0,0.0,0.0%,2017,Sean McKeon
880,136,0,0,0,0.0,0,0,0,0,0,0,0,0,0.0,0.0,0.0%,2018,Sean McKeon
881,126,0,0,0,0.0,0,0,0,0,0,0,0,0,0.0,0.0,0.0%,2019,Sean McKeon
882,229,0,0,0,0.0,0,0,0,0,0,0,0,0,0.0,0.0,0.1%,2013,Donald Parham48
883,187,0,0,0,0.0,0,0,0,0,0,0,0,0,0.0,0.0,0.1%,2014,Donald Parham48
884,179,0,0,0,0.0,0,0,0,0,0,0,0,0,0.0,0.0,0.1%,2015,Donald Parham48
885,181,0,0,0,0.0,0,0,0,0,0,0,0,0,0.0,0.0,0.1%,2016,Donald Parham48
886,167,0,0,0,0.0,0,0,0,0,0,0,0,0,0.0,0.0,0.1%,2017,Donald Parham48
887,189,0,0,0,0.0,0,0,0,0,0,0,0,0,0.0,0.0,0.1%,2018,Donald Parham48
888,184,0,0,0,0.0,0,0,0,0,0,0,0,0,0.0,0.0,0.1%,2019,Donald Parham48
889,230,0,0,0,0.0,0,0,0,0,0,0,0,0,0.0,0.0,0.0%,2013,Tanner Hudson88
890,227,0,0,0,0.0,0,0,0,0,0,0,0,0,0.0,0.0,0.0%,2014,Tanner Hudson88
891,234,0,0,0,0.0,0,0,0,0,0,0,0,0,0.0,0.0,0.0%,2015,Tanner Hudson88
892,262,0,0,0,0.0,0,0,0,0,0,0,0,0,0.0,0.0,0.0%,2016,Tanner Hudson88
893,248,0,0,0,0.0,0,0,0,0,0,0,0,0,0.0,0.0,0.0%,2017,Tanner Hudson88
894,226,0,0,0,0.0,0,0,0,0,0,0,0,0,0.0,0.0,0.0%,2018,Tanner Hudson88
895,100,2,5,26,13.0,14,0,0,0,0,0,0,9,2.6,0.3,0.0%,2019,Tanner Hudson88
896,231,0,0,0,0.0,0,0,0,0,0,0,0,0,0.0,0.0,0.0%,2013,Nate Wozniak68
897,228,0,0,0,0.0,0,0,0,0,0,0,0,0,0.0,0.0,0.0%,2014,Nate Wozniak68
898,262,0,0,0,0.0,0,0,0,0,0,0,0,0,0.0,0.0,0.0%,2015,Nate Wozniak68
899,263,0,0,0,0.0,0,0,0,0,0,0,0,0,0.0,0.0,0.0%,2016,Nate Wozniak68
900,249,0,0,0,0.0,0,0,0,0,0,0,0,0,0.0,0.0,0.0%,2017,Nate Wozniak68
901,227,0,0,0,0.0,0,0,0,0,0,0,0,0,0.0,0.0,0.0%,2018,Nate Wozniak68
902,176,0,0,0,0.0,0,0,0,0,0,0,0,0,0.0,0.0,0.0%,2019,Nate Wozniak68
903,232,0,0,0,0.0,0,0,0,0,0,0,0,0,0.0,0.0,0.1%,2013,Deon Yelder82
904,229,0,0,0,0.0,0,0,0,0,0,0,0,0,0.0,0.0,0.1%,2014,Deon Yelder82
905,263,0,0,0,0.0,0,0,0,0,0,0,0,0,0.0,0.0,0.1%,2015,Deon Yelder82
906,260,0,0,0,0.0,0,0,0,0,0,0,0,0,0.0,0.0,0.1%,2016,Deon Yelder82
907,246,0,0,0,0.0,0,0,0,0,0,0,0,0,0.0,0.0,0.1%,2017,Deon Yelder82
908,224,0,0,0,0.0,0,0,0,0,0,0,0,3,0.0,0.0,0.1%,2018,Deon Yelder82
909,94,3,4,50,16.7,24,1,0,0,0,0,0,10,5.0,0.5,0.1%,2019,Deon Yelder82
910,233,0,0,0,0.0,0,0,0,0,0,0,0,0,0.0,0.0,0.1%,2013,Ross Dwelley82
911,230,0,0,0,0.0,0,0,0,0,0,0,0,0,0.0,0.0,0.1%,2014,Ross Dwelley82
912,264,0,0,0,0.0,0,0,0,0,0,0,0,0,0.0,0.0,0.1%,2015,Ross Dwelley82
913,264,0,0,0,0.0,0,0,0,0,0,0,0,0,0.0,0.0,0.1%,2016,Ross Dwelley82
914,250,0,0,0,0.0,0,0,0,0,0,0,0,0,0.0,0.0,0.1%,2017,Ross Dwelley82
915,110,2,2,14,7.0,8,0,0,0,0,0,0,11,1.4,0.1,0.1%,2018,Ross Dwelley82
916,53,15,22,91,6.1,25,1,2,0,0,0,0,16,21.1,1.3,0.1%,2019,Ross Dwelley82
917,234,0,0,0,0.0,0,0,0,0,0,0,0,0,0.0,0.0,0.0%,2013,Christian Scotland-Williamson49
918,246,0,0,0,0.0,0,0,0,0,0,0,0,0,0.0,0.0,0.0%,2014,Christian Scotland-Williamson49
919,266,0,0,0,0.0,0,0,0,0,0,0,0,0,0.0,0.0,0.0%,2015,Christian Scotland-Williamson49
920,266,0,0,0,0.0,0,0,0,0,0,0,0,0,0.0,0.0,0.0%,2016,Christian Scotland-Williamson49
921,252,0,0,0,0.0,0,0,0,0,0,0,0,0,0.0,0.0,0.0%,2017,Christian Scotland-Williamson49
922,230,0,0,0,0.0,0,0,0,0,0,0,0,0,0.0,0.0,0.0%,2018,Christian Scotland-Williamson49
923,174,0,0,0,0.0,0,0,0,0,0,0,0,0,0.0,0.0,0.0%,2019,Christian Scotland-Williamson49
924,235,0,0,0,0.0,0,0,0,0,0,0,0,0,0.0,0.0,7.7%,2013,Will Dissly89
925,263,0,0,0,0.0,0,0,0,0,0,0,0,0,0.0,0.0,7.7%,2014,Will Dissly89
926,267,0,0,0,0.0,0,0,0,0,0,0,0,0,0.0,0.0,7.7%,2015,Will Dissly89
927,267,0,0,0,0.0,0,0,0,0,0,0,0,0,0.0,0.0,7.7%,2016,Will Dissly89
928,253,0,0,0,0.0,0,0,0,0,0,0,0,0,0.0,0.0,7.7%,2017,Will Dissly89
929,47,8,14,156,19.5,66,3,2,0,0,0,0,4,27.6,6.9,7.7%,2018,Will Dissly89
930,30,23,27,262,11.4,38,3,4,1,7,0,0,6,50.9,8.5,7.7%,2019,Will Dissly89
931,236,0,0,0,0.0,0,0,0,0,0,0,0,0,0.0,0.0,0.0%,2013,Nick Keizer48
932,264,0,0,0,0.0,0,0,0,0,0,0,0,0,0.0,0.0,0.0%,2014,Nick Keizer48
933,269,0,0,0,0.0,0,0,0,0,0,0,0,0,0.0,0.0,0.0%,2015,Nick Keizer48
934,268,0,0,0,0.0,0,0,0,0,0,0,0,0,0.0,0.0,0.0%,2016,Nick Keizer48
935,254,0,0,0,0.0,0,0,0,0,0,0,0,0,0.0,0.0,0.0%,2017,Nick Keizer48
936,232,0,0,0,0.0,0,0,0,0,0,0,0,0,0.0,0.0,0.0%,2018,Nick Keizer48
937,172,0,0,0,0.0,0,0,0,0,0,0,0,0,0.0,0.0,0.0%,2019,Nick Keizer48
938,237,0,0,0,0.0,0,0,0,0,0,0,0,0,0.0,0.0,0.0%,2013,Marcus Baugh85
939,241,0,0,0,0.0,0,0,0,0,0,0,0,0,0.0,0.0,0.0%,2014,Marcus Baugh85
940,232,0,0,0,0.0,0,0,0,0,0,0,0,0,0.0,0.0,0.0%,2015,Marcus Baugh85
941,223,0,0,0,0.0,0,0,0,0,0,0,0,0,0.0,0.0,0.0%,2016,Marcus Baugh85
942,210,0,0,0,0.0,0,0,0,0,0,0,0,0,0.0,0.0,0.0%,2017,Marcus Baugh85
943,237,0,0,0,0.0,0,0,0,0,0,0,0,0,0.0,0.0,0.0%,2018,Marcus Baugh85
944,215,0,0,0,0.0,0,0,0,0,0,0,0,0,0.0,0.0,0.0%,2019,Marcus Baugh85
945,238,0,0,0,0.0,0,0,0,0,0,0,0,0,0.0,0.0,0.0%,2013,Ethan Wolf84
946,242,0,0,0,0.0,0,0,0,0,0,0,0,0,0.0,0.0,0.0%,2014,Ethan Wolf84
947,224,0,0,0,0.0,0,0,0,0,0,0,0,0,0.0,0.0,0.0%,2015,Ethan Wolf84
948,228,0,0,0,0.0,0,0,0,0,0,0,0,0,0.0,0.0,0.0%,2016,Ethan Wolf84
949,215,0,0,0,0.0,0,0,0,0,0,0,0,0,0.0,0.0,0.0%,2017,Ethan Wolf84
950,238,0,0,0,0.0,0,0,0,0,0,0,0,0,0.0,0.0,0.0%,2018,Ethan Wolf84
951,214,0,0,0,0.0,0,0,0,0,0,0,0,0,0.0,0.0,0.0%,2019,Ethan Wolf84
952,239,0,0,0,0.0,0,0,0,0,0,0,0,0,0.0,0.0,0.0%,2013,Durham Smythe81
953,243,0,0,0,0.0,0,0,0,0,0,0,0,0,0.0,0.0,0.0%,2014,Durham Smythe81
954,225,0,0,0,0.0,0,0,0,0,0,0,0,0,0.0,0.0,0.0%,2015,Durham Smythe81
955,230,0,0,0,0.0,0,0,0,0,0,0,0,0,0.0,0.0,0.0%,2016,Durham Smythe81
956,217,0,0,0,0.0,0,0,0,0,0,0,0,0,0.0,0.0,0.0%,2017,Durham Smythe81
957,92,6,11,50,8.3,21,1,0,0,0,0,0,15,5.0,0.3,0.0%,2018,Durham Smythe81
958,88,7,14,65,9.3,24,1,0,0,0,0,0,16,6.5,0.4,0.0%,2019,Durham Smythe81
959,240,0,0,0,0.0,0,0,0,0,0,0,0,0,0.0,0.0,62.6%,2013,Noah Fant87
960,244,0,0,0,0.0,0,0,0,0,0,0,0,0,0.0,0.0,62.6%,2014,Noah Fant87
961,226,0,0,0,0.0,0,0,0,0,0,0,0,0,0.0,0.0,62.6%,2015,Noah Fant87
962,231,0,0,0,0.0,0,0,0,0,0,0,0,0,0.0,0.0,62.6%,2016,Noah Fant87
963,218,0,0,0,0.0,0,0,0,0,0,0,0,0,0.0,0.0,62.6%,2017,Noah Fant87
964,234,0,0,0,0.0,0,0,0,0,0,0,0,0,0.0,0.0,62.6%,2018,Noah Fant87
965,16,40,66,562,14.1,75,10,3,3,-12,0,1,16,71.0,4.4,62.6%,2019,Noah Fant87
966,242,0,0,0,0.0,0,0,0,0,0,0,0,0,0.0,0.0,0.1%,2013,Ryan Izzo85
967,239,0,0,0,0.0,0,0,0,0,0,0,0,0,0.0,0.0,0.1%,2014,Ryan Izzo85
968,228,0,0,0,0.0,0,0,0,0,0,0,0,0,0.0,0.0,0.1%,2015,Ryan Izzo85
969,233,0,0,0,0.0,0,0,0,0,0,0,0,0,0.0,0.0,0.1%,2016,Ryan Izzo85
970,220,0,0,0,0.0,0,0,0,0,0,0,0,0,0.0,0.0,0.1%,2017,Ryan Izzo85
971,239,0,0,0,0.0,0,0,0,0,0,0,0,0,0.0,0.0,0.1%,2018,Ryan Izzo85
972,59,6,9,114,19.0,41,3,1,0,0,0,0,6,17.4,2.9,0.1%,2019,Ryan Izzo85
973,243,0,0,0,0.0,0,0,0,0,0,0,0,0,0.0,0.0,0.0%,2013,Tyler Conklin83
974,226,0,0,0,0.0,0,0,0,0,0,0,0,0,0.0,0.0,0.0%,2014,Tyler Conklin83
975,229,0,0,0,0.0,0,0,0,0,0,0,0,0,0.0,0.0,0.0%,2015,Tyler Conklin83
976,234,0,0,0,0.0,0,0,0,0,0,0,0,0,0.0,0.0,0.0%,2016,Tyler Conklin83
977,221,0,0,0,0.0,0,0,0,0,0,0,0,0,0.0,0.0,0.0%,2017,Tyler Conklin83
978,240,5,7,77,15.4,33,2,0,0,0,0,0,16,0.0,0.0,0.0%,2018,Tyler Conklin83
979,91,8,10,58,7.3,20,1,0,0,0,0,0,16,5.8,0.4,0.0%,2019,Tyler Conklin83
980,245,0,0,0,0.0,0,0,0,0,0,0,0,0,0.0,0.0,0.0%,2013,Jordan Franks88
981,167,0,0,0,0.0,0,0,0,0,0,0,0,0,0.0,0.0,0.0%,2014,Jordan Franks88
982,230,0,0,0,0.0,0,0,0,0,0,0,0,0,0.0,0.0,0.0%,2015,Jordan Franks88
983,235,0,0,0,0.0,0,0,0,0,0,0,0,0,0.0,0.0,0.0%,2016,Jordan Franks88
984,222,0,0,0,0.0,0,0,0,0,0,0,0,0,0.0,0.0,0.0%,2017,Jordan Franks88
985,100,2,3,37,18.5,32,1,0,0,0,0,0,6,3.7,0.6,0.0%,2018,Jordan Franks88
986,194,0,0,0,0.0,0,0,0,0,0,0,0,1,0.0,0.0,0.0%,2019,Jordan Franks88
987,246,0,0,0,0.0,0,0,0,0,0,0,0,0,0.0,0.0,0.0%,2013,Austin Fort89
988,186,0,0,0,0.0,0,0,0,0,0,0,0,0,0.0,0.0,0.0%,2014,Austin Fort89
989,184,0,0,0,0.0,0,0,0,0,0,0,0,0,0.0,0.0,0.0%,2015,Austin Fort89
990,180,0,0,0,0.0,0,0,0,0,0,0,0,0,0.0,0.0,0.0%,2016,Austin Fort89
991,166,0,0,0,0.0,0,0,0,0,0,0,0,0,0.0,0.0,0.0%,2017,Austin Fort89
992,176,0,0,0,0.0,0,0,0,0,0,0,0,0,0.0,0.0,0.0%,2018,Austin Fort89
993,186,0,0,0,0.0,0,0,0,0,0,0,0,0,0.0,0.0,0.0%,2019,Austin Fort89
994,247,0,0,0,0.0,0,0,0,0,0,0,0,0,0.0,0.0,0.1%,2013,Zach Gentry81
995,259,0,0,0,0.0,0,0,0,0,0,0,0,0,0.0,0.0,0.1%,2014,Zach Gentry81
996,189,0,0,0,0.0,0,0,0,0,0,0,0,0,0.0,0.0,0.1%,2015,Zach Gentry81
997,174,0,0,0,0.0,0,0,0,0,0,0,0,0,0.0,0.0,0.1%,2016,Zach Gentry81
998,160,0,0,0,0.0,0,0,0,0,0,0,0,0,0.0,0.0,0.1%,2017,Zach Gentry81
999,169,0,0,0,0.0,0,0,0,0,0,0,0,0,0.0,0.0,0.1%,2018,Zach Gentry81
1000,117,1,1,4,4.0,4,0,0,0,0,0,0,4,0.4,0.1,0.1%,2019,Zach Gentry81
1001,248,0,0,0,0.0,0,0,0,0,0,0,0,0,0.0,0.0,4.8%,2013,Irv Smith Jr.84
1002,253,0,0,0,0.0,0,0,0,0,0,0,0,0,0.0,0.0,4.8%,2014,Irv Smith Jr.84
1003,256,0,0,0,0.0,0,0,0,0,0,0,0,0,0.0,0.0,4.8%,2015,Irv Smith Jr.84
1004,222,0,0,0,0.0,0,0,0,0,0,0,0,0,0.0,0.0,4.8%,2016,Irv Smith Jr.84
1005,208,0,0,0,0.0,0,0,0,0,0,0,0,0,0.0,0.0,4.8%,2017,Irv Smith Jr.84
1006,163,0,0,0,0.0,0,0,0,0,0,0,0,0,0.0,0.0,4.8%,2018,Irv Smith Jr.84
1007,39,36,47,311,8.6,29,5,2,0,0,0,0,16,43.1,2.7,4.8%,2019,Irv Smith Jr.84
1008,249,0,0,0,0.0,0,0,0,0,0,0,0,0,0.0,0.0,0.0%,2013,Caleb Wilson83
1009,255,0,0,0,0.0,0,0,0,0,0,0,0,0,0.0,0.0,0.0%,2014,Caleb Wilson83
1010,257,0,0,0,0.0,0,0,0,0,0,0,0,0,0.0,0.0,0.0%,2015,Caleb Wilson83
1011,185,0,0,0,0.0,0,0,0,0,0,0,0,0,0.0,0.0,0.0%,2016,Caleb Wilson83
1012,171,0,0,0,0.0,0,0,0,0,0,0,0,0,0.0,0.0,0.0%,2017,Caleb Wilson83
1013,164,0,0,0,0.0,0,0,0,0,0,0,0,0,0.0,0.0,0.0%,2018,Caleb Wilson83
1014,192,0,0,0,0.0,0,0,0,0,0,0,0,0,0.0,0.0,0.0%,2019,Caleb Wilson83
1015,250,0,0,0,0.0,0,0,0,0,0,0,0,0,0.0,0.0,4.0%,2013,Jace Sternberger87
1016,256,0,0,0,0.0,0,0,0,0,0,0,0,0,0.0,0.0,4.0%,2014,Jace Sternberger87
1017,258,0,0,0,0.0,0,0,0,0,0,0,0,0,0.0,0.0,4.0%,2015,Jace Sternberger87
1018,221,0,0,0,0.0,0,0,0,0,0,0,0,0,0.0,0.0,4.0%,2016,Jace Sternberger87
1019,207,0,0,0,0.0,0,0,0,0,0,0,0,0,0.0,0.0,4.0%,2017,Jace Sternberger87
1020,165,0,0,0,0.0,0,0,0,0,0,0,0,0,0.0,0.0,4.0%,2018,Jace Sternberger87
1021,191,0,1,0,0.0,0,0,0,0,0,0,0,6,0.0,0.0,4.0%,2019,Jace Sternberger87
1022,251,0,0,0,0.0,0,0,0,0,0,0,0,0,0.0,0.0,2.8%,2013,Dawson Knox88
1023,257,0,0,0,0.0,0,0,0,0,0,0,0,0,0.0,0.0,2.8%,2014,Dawson Knox88
1024,259,0,0,0,0.0,0,0,0,0,0,0,0,0,0.0,0.0,2.8%,2015,Dawson Knox88
1025,172,0,0,0,0.0,0,0,0,0,0,0,0,0,0.0,0.0,2.8%,2016,Dawson Knox88
1026,158,0,0,0,0.0,0,0,0,0,0,0,0,0,0.0,0.0,2.8%,2017,Dawson Knox88
1027,166,0,0,0,0.0,0,0,0,0,0,0,0,0,0.0,0.0,2.8%,2018,Dawson Knox88
1028,29,28,50,388,13.9,49,7,2,1,9,0,0,15,51.7,3.4,2.8%,2019,Dawson Knox88
1029,252,0,0,0,0.0,0,0,0,0,0,0,0,0,0.0,0.0,0.1%,2013,Kahale Warring81
1030,258,0,0,0,0.0,0,0,0,0,0,0,0,0,0.0,0.0,0.1%,2014,Kahale Warring81
1031,223,0,0,0,0.0,0,0,0,0,0,0,0,0,0.0,0.0,0.1%,2015,Kahale Warring81
1032,173,0,0,0,0.0,0,0,0,0,0,0,0,0,0.0,0.0,0.1%,2016,Kahale Warring81
1033,159,0,0,0,0.0,0,0,0,0,0,0,0,0,0.0,0.0,0.1%,2017,Kahale Warring81
1034,167,0,0,0,0.0,0,0,0,0,0,0,0,0,0.0,0.0,0.1%,2018,Kahale Warring81
1035,189,0,0,0,0.0,0,0,0,0,0,0,0,0,0.0,0.0,0.1%,2019,Kahale Warring81
1036,253,0,0,0,0.0,0,0,0,0,0,0,0,0,0.0,0.0,0.0%,2013,Andrew Beck83
1037,260,0,0,0,0.0,0,0,0,0,0,0,0,0,0.0,0.0,0.0%,2014,Andrew Beck83
1038,222,0,0,0,0.0,0,0,0,0,0,0,0,0,0.0,0.0,0.0%,2015,Andrew Beck83
1039,175,0,0,0,0.0,0,0,0,0,0,0,0,0,0.0,0.0,0.0%,2016,Andrew Beck83
1040,161,0,0,0,0.0,0,0,0,0,0,0,0,0,0.0,0.0,0.0%,2017,Andrew Beck83
1041,170,0,0,0,0.0,0,0,0,0,0,0,0,0,0.0,0.0,0.0%,2018,Andrew Beck83
1042,66,9,12,90,10.0,29,1,1,1,3,0,0,16,15.5,1.0,0.0%,2019,Andrew Beck83
1043,254,0,0,0,0.0,0,0,0,0,0,0,0,0,0.0,0.0,0.0%,2013,Stephen Carlson89
1044,247,0,0,0,0.0,0,0,0,0,0,0,0,0,0.0,0.0,0.0%,2014,Stephen Carlson89
1045,180,0,0,0,0.0,0,0,0,0,0,0,0,0,0.0,0.0,0.0%,2015,Stephen Carlson89
1046,176,0,0,0,0.0,0,0,0,0,0,0,0,0,0.0,0.0,0.0%,2016,Stephen Carlson89
1047,162,0,0,0,0.0,0,0,0,0,0,0,0,0,0.0,0.0,0.0%,2017,Stephen Carlson89
1048,171,0,0,0,0.0,0,0,0,0,0,0,0,0,0.0,0.0,0.0%,2018,Stephen Carlson89
1049,77,5,7,51,10.2,21,1,1,0,0,0,0,9,11.1,1.2,0.0%,2019,Stephen Carlson89
1050,255,0,0,0,0.0,0,0,0,0,0,0,0,0,0.0,0.0,0.0%,2013,Charles Scarff85
1051,223,0,0,0,0.0,0,0,0,0,0,0,0,0,0.0,0.0,0.0%,2014,Charles Scarff85
1052,181,0,0,0,0.0,0,0,0,0,0,0,0,0,0.0,0.0,0.0%,2015,Charles Scarff85
1053,177,0,0,0,0.0,0,0,0,0,0,0,0,0,0.0,0.0,0.0%,2016,Charles Scarff85
1054,163,0,0,0,0.0,0,0,0,0,0,0,0,0,0.0,0.0,0.0%,2017,Charles Scarff85
1055,172,0,0,0,0.0,0,0,0,0,0,0,0,0,0.0,0.0,0.0%,2018,Charles Scarff85
1056,188,0,0,0,0.0,0,0,0,0,0,0,0,0,0.0,0.0,0.0%,2019,Charles Scarff85
1057,256,0,0,0,0.0,0,0,0,0,0,0,0,0,0.0,0.0,0.0%,2013,Carson Meier85
1058,191,0,0,0,0.0,0,0,0,0,0,0,0,0,0.0,0.0,0.0%,2014,Carson Meier85
1059,182,0,0,0,0.0,0,0,0,0,0,0,0,0,0.0,0.0,0.0%,2015,Carson Meier85
1060,178,0,0,0,0.0,0,0,0,0,0,0,0,0,0.0,0.0,0.0%,2016,Carson Meier85
1061,164,0,0,0,0.0,0,0,0,0,0,0,0,0,0.0,0.0,0.0%,2017,Carson Meier85
1062,173,0,0,0,0.0,0,0,0,0,0,0,0,0,0.0,0.0,0.0%,2018,Carson Meier85
1063,187,0,0,0,0.0,0,0,0,0,0,0,0,1,0.0,0.0,0.0%,2019,Carson Meier85
1064,257,0,0,0,0.0,0,0,0,0,0,0,0,0,0.0,0.0,0.0%,2013,Hale Hentges88
1065,185,0,0,0,0.0,0,0,0,0,0,0,0,0,0.0,0.0,0.0%,2014,Hale Hentges88
1066,183,0,0,0,0.0,0,0,0,0,0,0,0,0,0.0,0.0,0.0%,2015,Hale Hentges88
1067,179,0,0,0,0.0,0,0,0,0,0,0,0,0,0.0,0.0,0.0%,2016,Hale Hentges88
1068,165,0,0,0,0.0,0,0,0,0,0,0,0,0,0.0,0.0,0.0%,2017,Hale Hentges88
1069,174,0,0,0,0.0,0,0,0,0,0,0,0,0,0.0,0.0,0.0%,2018,Hale Hentges88
1070,64,8,14,103,12.9,24,2,1,0,0,0,0,11,16.3,1.5,0.0%,2019,Hale Hentges88
1071,258,0,0,0,0.0,0,0,0,0,0,0,0,0,0.0,0.0,0.0%,2013,Isaac Nauta89
1072,248,0,0,0,0.0,0,0,0,0,0,0,0,0,0.0,0.0,0.0%,2014,Isaac Nauta89
1073,255,0,0,0,0.0,0,0,0,0,0,0,0,0,0.0,0.0,0.0%,2015,Isaac Nauta89
1074,245,0,0,0,0.0,0,0,0,0,0,0,0,0,0.0,0.0,0.0%,2016,Isaac Nauta89
1075,231,0,0,0,0.0,0,0,0,0,0,0,0,0,0.0,0.0,0.0%,2017,Isaac Nauta89
1076,162,0,0,0,0.0,0,0,0,0,0,0,0,0,0.0,0.0,0.0%,2018,Isaac Nauta89
1077,104,2,3,13,6.5,10,0,0,0,0,0,0,6,1.3,0.2,0.0%,2019,Isaac Nauta89
1078,259,0,0,0,0.0,0,0,0,0,0,0,0,0,0.0,0.0,0.0%,2013,Trevon Wesco85
1079,252,0,0,0,0.0,0,0,0,0,0,0,0,0,0.0,0.0,0.0%,2014,Trevon Wesco85
1080,254,0,0,0,0.0,0,0,0,0,0,0,0,0,0.0,0.0,0.0%,2015,Trevon Wesco85
1081,259,0,0,0,0.0,0,0,0,0,0,0,0,0,0.0,0.0,0.0%,2016,Trevon Wesco85
1082,245,0,0,0,0.0,0,0,0,0,0,0,0,0,0.0,0.0,0.0%,2017,Trevon Wesco85
1083,175,0,0,0,0.0,0,0,0,0,0,0,0,0,0.0,0.0,0.0%,2018,Trevon Wesco85
1084,95,2,3,47,23.5,32,1,0,1,2,0,0,16,4.9,0.3,0.0%,2019,Trevon Wesco85
1085,260,0,0,0,0.0,0,0,0,0,0,0,0,0,0.0,0.0,0.0%,2013,Tommy Sweeney89
1086,270,0,0,0,0.0,0,0,0,0,0,0,0,0,0.0,0.0,0.0%,2014,Tommy Sweeney89
1087,246,0,0,0,0.0,0,0,0,0,0,0,0,0,0.0,0.0,0.0%,2015,Tommy Sweeney89
1088,251,0,0,0,0.0,0,0,0,0,0,0,0,0,0.0,0.0,0.0%,2016,Tommy Sweeney89
1089,237,0,0,0,0.0,0,0,0,0,0,0,0,0,0.0,0.0,0.0%,2017,Tommy Sweeney89
1090,183,0,0,0,0.0,0,0,0,0,0,0,0,0,0.0,0.0,0.0%,2018,Tommy Sweeney89
1091,76,8,13,114,14.3,29,3,0,0,0,0,0,6,11.4,1.9,0.0%,2019,Tommy Sweeney89
1092,261,0,0,0,0.0,0,0,0,0,0,0,0,0,0.0,0.0,0.3%,2013,Jaeden Graham87
1093,265,0,0,0,0.0,0,0,0,0,0,0,0,0,0.0,0.0,0.3%,2014,Jaeden Graham87
1094,270,0,0,0,0.0,0,0,0,0,0,0,0,0,0.0,0.0,0.3%,2015,Jaeden Graham87
1095,246,0,0,0,0.0,0,0,0,0,0,0,0,0,0.0,0.0,0.3%,2016,Jaeden Graham87
1096,232,0,0,0,0.0,0,0,0,0,0,0,0,0,0.0,0.0,0.3%,2017,Jaeden Graham87
1097,178,0,0,0,0.0,0,0,0,0,0,0,0,0,0.0,0.0,0.3%,2018,Jaeden Graham87
1098,54,9,10,149,16.6,53,3,1,0,0,0,0,16,20.9,1.3,0.3%,2019,Jaeden Graham87
1099,262,0,0,0,0.0,0,0,0,0,0,0,0,0,0.0,0.0,0.0%,2013,Garrett Dickerson89
1100,266,0,0,0,0.0,0,0,0,0,0,0,0,0,0.0,0.0,0.0%,2014,Garrett Dickerson89
1101,268,0,0,0,0.0,0,0,0,0,0,0,0,0,0.0,0.0,0.0%,2015,Garrett Dickerson89
1102,247,0,0,0,0.0,0,0,0,0,0,0,0,0,0.0,0.0,0.0%,2016,Garrett Dickerson89
1103,233,0,0,0,0.0,0,0,0,0,0,0,0,0,0.0,0.0,0.0%,2017,Garrett Dickerson89
1104,179,0,0,0,0.0,0,0,0,0,0,0,0,2,0.0,0.0,0.0%,2018,Garrett Dickerson89
1105,169,0,0,0,0.0,0,0,0,0,0,0,0,5,0.0,0.0,0.0%,2019,Garrett Dickerson89
1106,263,0,0,0,0.0,0,0,0,0,0,0,0,0,0.0,0.0,0.0%,2013,Albert Okwuegbunam81
1107,267,0,0,0,0.0,0,0,0,0,0,0,0,0,0.0,0.0,0.0%,2014,Albert Okwuegbunam81
1108,261,0,0,0,0.0,0,0,0,0,0,0,0,0,0.0,0.0,0.0%,2015,Albert Okwuegbunam81
1109,248,0,0,0,0.0,0,0,0,0,0,0,0,0,0.0,0.0,0.0%,2016,Albert Okwuegbunam81
1110,234,0,0,0,0.0,0,0,0,0,0,0,0,0,0.0,0.0,0.0%,2017,Albert Okwuegbunam81
1111,180,0,0,0,0.0,0,0,0,0,0,0,0,0,0.0,0.0,0.0%,2018,Albert Okwuegbunam81
1112,168,0,0,0,0.0,0,0,0,0,0,0,0,0,0.0,0.0,0.0%,2019,Albert Okwuegbunam81
1113,264,0,0,0,0.0,0,0,0,0,0,0,0,0,0.0,0.0,71.8%,2013,T.J. Hockenson88
1114,268,0,0,0,0.0,0,0,0,0,0,0,0,0,0.0,0.0,71.8%,2014,T.J. Hockenson88
1115,252,0,0,0,0.0,0,0,0,0,0,0,0,0,0.0,0.0,71.8%,2015,T.J. Hockenson88
1116,249,0,0,0,0.0,0,0,0,0,0,0,0,0,0.0,0.0,71.8%,2016,T.J. Hockenson88
1117,235,0,0,0,0.0,0,0,0,0,0,0,0,0,0.0,0.0,71.8%,2017,T.J. Hockenson88
1118,177,0,0,0,0.0,0,0,0,0,0,0,0,0,0.0,0.0,71.8%,2018,T.J. Hockenson88
1119,32,32,59,367,11.5,39,6,2,0,0,0,0,12,48.7,4.1,71.8%,2019,T.J. Hockenson88
1120,265,0,0,0,0.0,0,0,0,0,0,0,0,0,0.0,0.0,0.4%,2013,Kaden Smith82
1121,269,0,0,0,0.0,0,0,0,0,0,0,0,0,0.0,0.0,0.4%,2014,Kaden Smith82
1122,260,0,0,0,0.0,0,0,0,0,0,0,0,0,0.0,0.0,0.4%,2015,Kaden Smith82
1123,250,0,0,0,0.0,0,0,0,0,0,0,0,0,0.0,0.0,0.4%,2016,Kaden Smith82
1124,236,0,0,0,0.0,0,0,0,0,0,0,0,0,0.0,0.0,0.4%,2017,Kaden Smith82
1125,181,0,0,0,0.0,0,0,0,0,0,0,0,0,0.0,0.0,0.4%,2018,Kaden Smith82
1126,37,31,42,268,8.6,32,3,3,0,0,0,0,9,44.8,5.0,0.4%,2019,Kaden Smith82
1127,266,0,0,0,0.0,0,0,0,0,0,0,0,0,0.0,0.0,0.0%,2013,Daniel Helm88
1128,271,0,0,0,0.0,0,0,0,0,0,0,0,0,0.0,0.0,0.0%,2014,Daniel Helm88
1129,247,0,0,0,0.0,0,0,0,0,0,0,0,0,0.0,0.0,0.0%,2015,Daniel Helm88
1130,252,0,0,0,0.0,0,0,0,0,0,0,0,0,0.0,0.0,0.0%,2016,Daniel Helm88
1131,238,0,0,0,0.0,0,0,0,0,0,0,0,0,0.0,0.0,0.0%,2017,Daniel Helm88
1132,184,0,0,0,0.0,0,0,0,0,0,0,0,0,0.0,0.0,0.0%,2018,Daniel Helm88
1133,166,0,0,0,0.0,0,0,0,0,0,0,0,0,0.0,0.0,0.0%,2019,Daniel Helm88
1134,267,0,0,0,0.0,0,0,0,0,0,0,0,0,0.0,0.0,0.2%,2013,Drew Sample89
1135,251,0,0,0,0.0,0,0,0,0,0,0,0,0,0.0,0.0,0.2%,2014,Drew Sample89
1136,253,0,0,0,0.0,0,0,0,0,0,0,0,0,0.0,0.0,0.2%,2015,Drew Sample89
1137,258,0,0,0,0.0,0,0,0,0,0,0,0,0,0.0,0.0,0.2%,2016,Drew Sample89
1138,244,0,0,0,0.0,0,0,0,0,0,0,0,0,0.0,0.0,0.2%,2017,Drew Sample89
1139,168,0,0,0,0.0,0,0,0,0,0,0,0,0,0.0,0.0,0.2%,2018,Drew Sample89
1140,98,5,6,30,6.0,21,1,0,0,0,0,0,9,3.0,0.3,0.2%,2019,Drew Sample89
1141,268,0,0,0,0.0,0,0,0,0,0,0,0,0,0.0,0.0,0.2%,2013,Foster Moreau87
1142,262,0,0,0,0.0,0,0,0,0,0,0,0,0,0.0,0.0,0.2%,2014,Foster Moreau87
1143,248,0,0,0,0.0,0,0,0,0,0,0,0,0,0.0,0.0,0.2%,2015,Foster Moreau87
1144,253,0,0,0,0.0,0,0,0,0,0,0,0,0,0.0,0.0,0.2%,2016,Foster Moreau87
1145,239,0,0,0,0.0,0,0,0,0,0,0,0,0,0.0,0.0,0.2%,2017,Foster Moreau87
1146,185,0,0,0,0.0,0,0,0,0,0,0,0,0,0.0,0.0,0.2%,2018,Foster Moreau87
1147,33,21,25,174,8.3,23,1,5,0,0,0,0,13,47.4,3.6,0.2%,2019,Foster Moreau87
1148,269,0,0,0,0.0,0,0,0,0,0,0,0,0,0.0,0.0,0.0%,2013,Brandon Dillon86
1149,254,0,0,0,0.0,0,0,0,0,0,0,0,0,0.0,0.0,0.0%,2014,Brandon Dillon86
1150,249,0,0,0,0.0,0,0,0,0,0,0,0,0,0.0,0.0,0.0%,2015,Brandon Dillon86
1151,254,0,0,0,0.0,0,0,0,0,0,0,0,0,0.0,0.0,0.0%,2016,Brandon Dillon86
1152,240,0,0,0,0.0,0,0,0,0,0,0,0,0,0.0,0.0,0.0%,2017,Brandon Dillon86
1153,186,0,0,0,0.0,0,0,0,0,0,0,0,0,0.0,0.0,0.0%,2018,Brandon Dillon86
1154,179,0,0,0,0.0,0,0,0,0,0,0,0,1,0.0,0.0,0.0%,2019,Brandon Dillon86
1155,270,0,0,0,0.0,0,0,0,0,0,0,0,0,0.0,0.0,0.0%,2013,Kendall Blanton86
1156,261,0,0,0,0.0,0,0,0,0,0,0,0,0,0.0,0.0,0.0%,2014,Kendall Blanton86
1157,250,0,0,0,0.0,0,0,0,0,0,0,0,0,0.0,0.0,0.0%,2015,Kendall Blanton86
1158,255,0,0,0,0.0,0,0,0,0,0,0,0,0,0.0,0.0,0.0%,2016,Kendall Blanton86
1159,241,0,0,0,0.0,0,0,0,0,0,0,0,0,0.0,0.0,0.0%,2017,Kendall Blanton86
1160,187,0,0,0,0.0,0,0,0,0,0,0,0,0,0.0,0.0,0.0%,2018,Kendall Blanton86
1161,185,0,0,0,0.0,0,0,0,0,0,0,0,1,0.0,0.0,0.0%,2019,Kendall Blanton86
1162,271,0,0,0,0.0,0,0,0,0,0,0,0,0,0.0,0.0,0.0%,2013,Jesper Horsted49
1163,249,0,0,0,0.0,0,0,0,0,0,0,0,0,0.0,0.0,0.0%,2014,Jesper Horsted49
1164,251,0,0,0,0.0,0,0,0,0,0,0,0,0,0.0,0.0,0.0%,2015,Jesper Horsted49
1165,256,0,0,0,0.0,0,0,0,0,0,0,0,0,0.0,0.0,0.0%,2016,Jesper Horsted49
1166,242,0,0,0,0.0,0,0,0,0,0,0,0,0,0.0,0.0,0.0%,2017,Jesper Horsted49
1167,188,0,0,0,0.0,0,0,0,0,0,0,0,0,0.0,0.0,0.0%,2018,Jesper Horsted49
1168,74,8,10,87,10.9,20,1,1,0,0,0,1,6,12.7,2.1,0.0%,2019,Jesper Horsted49
1169,272,0,0,0,0.0,0,0,0,0,0,0,0,0,0.0,0.0,0.4%,2013,Josh Oliver89
1170,250,0,0,0,0.0,0,0,0,0,0,0,0,0,0.0,0.0,0.4%,2014,Josh Oliver89
1171,245,0,0,0,0.0,0,0,0,0,0,0,0,0,0.0,0.0,0.4%,2015,Josh Oliver89
1172,257,0,0,0,0.0,0,0,0,0,0,0,0,0,0.0,0.0,0.4%,2016,Josh Oliver89
1173,243,0,0,0,0.0,0,0,0,0,0,0,0,0,0.0,0.0,0.4%,2017,Josh Oliver89
1174,182,0,0,0,0.0,0,0,0,0,0,0,0,0,0.0,0.0,0.4%,2018,Josh Oliver89
1175,103,3,6,15,5.0,6,0,0,0,0,0,0,4,1.5,0.4,0.4%,2019,Josh Oliver89
1176,273,0,0,0,0.0,0,0,0,0,0,0,0,0,0.0,0.0,0.0%,2013,Jeff Heuerman82
1177,272,0,0,0,0.0,0,0,0,0,0,0,0,0,0.0,0.0,0.0%,2014,Jeff Heuerman82
1178,271,0,0,0,0.0,0,0,0,0,0,0,0,0,0.0,0.0,0.0%,2015,Jeff Heuerman82
1179,64,9,17,141,15.7,31,2,0,0,0,0,0,12,14.1,1.2,0.0%,2016,Jeff Heuerman82
1180,48,9,18,142,15.8,54,2,2,0,0,0,0,14,26.2,1.9,0.0%,2017,Jeff Heuerman82
1181,34,31,48,281,9.1,36,2,2,0,0,0,0,11,40.1,3.6,0.0%,2018,Jeff Heuerman82
1182,60,14,20,114,8.1,26,1,1,0,0,0,0,14,17.4,1.2,0.0%,2019,Jeff Heuerman82
1183,289,0,0,0,0.0,0,0,0,0,0,0,0,0,0.0,0.0,0.1%,2013,Demetrius Harris86
1184,97,3,5,20,6.7,10,0,0,0,0,0,0,8,5.0,0.6,0.1%,2014,Demetrius Harris86
1185,67,7,11,74,10.6,25,1,1,0,0,0,0,16,13.4,0.8,0.1%,2015,Demetrius Harris86
1186,55,17,31,123,7.2,13,0,1,0,0,0,0,16,20.3,1.3,0.1%,2016,Demetrius Harris86
1187,45,18,35,224,12.4,51,3,1,0,0,0,0,16,28.4,1.8,0.1%,2017,Demetrius Harris86
1188,37,12,25,164,13.7,35,2,3,0,0,0,0,15,34.4,2.3,0.1%,2018,Demetrius Harris86
1189,42,15,27,149,9.9,23,2,3,0,0,0,0,15,34.9,2.3,0.1%,2019,Demetrius Harris86
1190,291,0,0,0,0.0,0,0,0,0,0,0,0,1,0.0,0.0,99.9%,2013,Travis Kelce87
1191,6,67,87,862,12.9,34,15,5,0,0,0,3,16,177.2,11.1,99.9%,2014,Travis Kelce87
1192,7,72,103,875,12.2,42,10,5,0,0,0,2,16,117.5,7.3,99.9%,2015,Travis Kelce87
1193,1,85,117,1125,13.2,80,14,4,1,-5,0,0,16,138.0,8.6,99.9%,2016,Travis Kelce87
1194,2,83,122,1038,12.5,44,19,8,2,7,0,0,15,150.5,10.0,99.9%,2017,Travis Kelce87
1195,1,103,150,1336,13.0,43,18,10,0,0,0,1,16,191.6,12.0,99.9%,2018,Travis Kelce87
1196,1,97,136,1229,12.7,47,13,5,1,4,1,1,16,157.3,9.8,99.9%,2019,Travis Kelce87
1197,294,0,0,0,0.0,0,0,0,0,0,0,0,9,0.0,0.0,0.0%,2013,Brandon Williams98
1198,85,4,8,44,11.0,16,0,0,0,0,0,0,14,8.4,0.6,0.0%,2014,Brandon Williams98
1199,339,0,0,0,0.0,0,0,0,0,0,0,0,6,0.0,0.0,0.0%,2015,Brandon Williams98
1200,89,2,3,36,18.0,20,1,0,0,0,0,0,16,3.6,0.2,0.0%,2016,Brandon Williams98
1201,73,13,17,121,9.3,32,2,0,0,0,0,0,14,12.1,0.9,0.0%,2017,Brandon Williams98
1202,304,0,0,0,0.0,0,0,0,0,0,0,0,5,0.0,0.0,0.0%,2013,Derek Carrier85
1203,70,9,14,105,11.7,23,2,0,1,2,0,0,11,19.7,1.8,0.0%,2014,Derek Carrier85
1204,54,17,22,141,8.3,20,2,1,0,0,0,0,12,20.1,1.7,0.0%,2015,Derek Carrier85
1205,106,2,2,10,5.0,6,0,0,0,0,0,0,8,1.0,0.1,0.0%,2016,Derek Carrier85
1206,86,8,11,71,8.9,17,0,0,0,0,0,0,14,7.1,0.5,0.0%,2017,Derek Carrier85
1207,72,7,12,67,9.6,23,1,1,0,0,0,0,16,12.7,0.8,0.0%,2018,Derek Carrier85
1208,56,13,19,108,8.3,25,2,1,1,27,0,0,16,19.5,1.2,0.0%,2019,Derek Carrier85
1209,305,0,0,0,0.0,0,0,0,0,0,0,0,5,0.0,0.0,0.0%,2013,Andre Smith57
1210,305,0,0,0,0.0,0,0,0,0,0,0,0,5,0.0,0.0,0.0%,2013,Andre Smith76
1211,306,0,0,0,0.0,0,0,0,0,0,0,0,0,0.0,0.0,27.2%,2013,Eric Ebron85
1212,40,25,47,248,9.9,22,1,1,0,0,0,0,13,55.8,4.3,27.2%,2014,Eric Ebron85
1213,13,47,70,537,11.4,55,5,5,0,0,0,0,14,83.7,6.0,27.2%,2015,Eric Ebron85
1214,15,61,85,711,11.7,61,9,1,1,1,1,0,13,83.2,6.4,27.2%,2016,Eric Ebron85
1215,13,53,86,574,10.8,44,6,4,0,0,0,1,16,79.4,5.0,27.2%,2017,Eric Ebron85
1216,4,66,110,750,11.4,53,7,13,3,-8,1,1,16,156.2,9.8,27.2%,2018,Eric Ebron85
1217,23,31,52,375,12.1,48,4,3,0,0,0,0,11,55.5,5.0,27.2%,2019,Eric Ebron85
1218,309,0,0,0,0.0,0,0,0,0,0,0,0,16,0.0,0.0,0.0%,2013,Clark Harris46
1219,298,0,0,0,0.0,0,0,0,0,0,0,0,16,0.0,0.0,0.0%,2014,Clark Harris46
1220,296,0,0,0,0.0,0,0,0,0,0,0,0,16,0.0,0.0,0.0%,2015,Clark Harris46
1221,285,0,0,0,0.0,0,0,0,0,0,0,0,13,0.0,0.0,0.0%,2016,Clark Harris46
1222,272,0,0,0,0.0,0,0,0,0,0,0,0,16,0.0,0.0,0.0%,2017,Clark Harris46
1223,256,0,0,0,0.0,0,0,0,0,0,0,0,16,0.0,0.0,0.0%,2018,Clark Harris46
1224,240,0,0,0,0.0,0,0,0,0,0,0,0,16,0.0,0.0,0.0%,2019,Clark Harris46
1225,338,0,0,0,0.0,0,0,0,0,0,0,0,0,0.0,0.0,0.0%,2013,Logan Thomas82
1226,90,0,0,0,0.0,0,0,0,0,0,0,0,2,7.2,3.6,0.0%,2014,Logan Thomas82
1227,341,0,0,0,0.0,0,0,0,0,0,0,0,0,0.0,0.0,0.0%,2015,Logan Thomas82
1228,327,0,0,0,0.0,0,0,0,0,0,0,0,0,0.0,0.0,0.0%,2016,Logan Thomas82
1229,71,7,9,67,9.6,22,2,1,0,0,0,0,12,12.7,1.1,0.0%,2017,Logan Thomas82
1230,81,12,17,77,6.4,24,1,0,0,0,0,0,12,8.3,0.7,0.0%,2018,Logan Thomas82
1231,50,16,28,173,10.8,17,0,1,0,0,0,0,16,23.3,1.5,0.0%,2019,Logan Thomas82
1232,339,0,0,0,0.0,0,0,0,0,0,0,0,0,0.0,0.0,0.0%,2013,MyCole Pruitt85
1233,326,0,0,0,0.0,0,0,0,0,0,0,0,0,0.0,0.0,0.0%,2014,MyCole Pruitt85
1234,79,10,16,89,8.9,32,1,0,0,0,0,0,16,8.9,0.6,0.0%,2015,MyCole Pruitt85
1235,104,2,2,13,6.5,7,0,0,0,0,0,0,4,1.3,0.3,0.0%,2016,MyCole Pruitt85
1236,304,0,0,0,0.0,0,0,0,0,0,0,0,1,0.0,0.0,0.0%,2017,MyCole Pruitt85
1237,64,9,11,102,11.3,27,1,1,0,0,0,0,15,16.2,1.1,0.0%,2018,MyCole Pruitt85
1238,67,6,8,90,15.0,42,2,1,0,0,0,0,16,15.0,0.9,0.0%,2019,MyCole Pruitt85
1239,340,0,0,0,0.0,0,0,0,0,0,0,0,0,0.0,0.0,0.1%,2013,Blake Bell80
1240,327,0,0,0,0.0,0,0,0,0,0,0,0,0,0.0,0.0,0.1%,2014,Blake Bell80
1241,57,15,25,186,12.4,48,3,0,0,0,0,0,14,18.6,1.3,0.1%,2015,Blake Bell80
1242,78,4,9,85,21.3,45,2,0,0,0,0,0,13,8.5,0.7,0.1%,2016,Blake Bell80
1243,95,3,4,19,6.3,12,0,0,0,0,0,0,13,3.9,0.3,0.1%,2017,Blake Bell80
1244,85,8,11,67,8.4,16,0,0,0,0,0,0,10,6.7,0.7,0.1%,2018,Blake Bell80
1245,87,8,15,67,8.4,30,1,0,0,0,0,0,15,6.7,0.4,0.1%,2019,Blake Bell80
1246,341,0,0,0,0.0,0,0,0,0,0,0,0,0,0.0,0.0,0.0%,2013,Chris Manhertz82
1247,329,0,0,0,0.0,0,0,0,0,0,0,0,0,0.0,0.0,0.0%,2014,Chris Manhertz82
1248,329,0,0,0,0.0,0,0,0,0,0,0,0,0,0.0,0.0,0.0%,2015,Chris Manhertz82
1249,107,1,1,10,10.0,10,0,0,0,0,0,0,7,1.0,0.1,0.0%,2016,Chris Manhertz82
1250,103,2,4,17,8.5,11,0,0,0,0,0,0,16,1.7,0.1,0.0%,2017,Chris Manhertz82
1251,74,2,5,52,26.0,50,1,1,0,0,0,0,16,11.2,0.7,0.0%,2018,Chris Manhertz82
1252,108,1,1,11,11.0,11,0,0,0,0,0,0,15,1.1,0.1,0.0%,2019,Chris Manhertz82
1253,342,0,0,0,0.0,0,0,0,0,0,0,0,0,0.0,0.0,0.0%,2013,Matt Lengel47
1254,330,0,0,0,0.0,0,0,0,0,0,0,0,0,0.0,0.0,0.0%,2014,Matt Lengel47
1255,333,0,0,0,0.0,0,0,0,0,0,0,0,0,0.0,0.0,0.0%,2015,Matt Lengel47
1256,79,2,3,22,11.0,18,0,1,0,0,0,0,6,8.2,1.4,0.0%,2016,Matt Lengel47
1257,303,0,0,0,0.0,0,0,0,0,0,0,0,1,0.0,0.0,0.0%,2017,Matt Lengel47
1258,82,3,8,17,5.7,9,0,1,0,0,0,0,11,7.7,0.7,0.0%,2018,Matt Lengel47
1259,265,0,0,0,0.0,0,0,0,0,0,0,0,2,0.0,0.0,0.0%,2019,Matt Lengel47
1260,343,0,0,0,0.0,0,0,0,0,0,0,0,0,0.0,0.0,1.0%,2013,C.J. Uzomah87
1261,331,0,0,0,0.0,0,0,0,0,0,0,0,0,0.0,0.0,1.0%,2014,C.J. Uzomah87
1262,102,1,1,4,4.0,4,0,0,0,0,0,0,5,0.4,0.1,1.0%,2015,C.J. Uzomah87
1263,44,25,38,234,9.4,54,2,1,0,0,0,0,10,29.4,2.9,1.0%,2016,C.J. Uzomah87
1264,65,10,15,92,9.2,21,2,1,0,0,0,0,14,15.2,1.1,1.0%,2017,C.J. Uzomah87
1265,19,43,66,439,10.2,29,6,3,0,0,0,0,16,61.9,3.9,1.0%,2018,C.J. Uzomah87
1266,41,27,40,242,9.0,36,2,2,0,0,0,0,16,36.2,2.3,1.0%,2019,C.J. Uzomah87
1267,345,0,0,0,0.0,0,0,0,0,0,0,0,0,0.0,0.0,0.6%,2013,Nick Boyle86
1268,325,0,0,0,0.0,0,0,0,0,0,0,0,0,0.0,0.0,0.6%,2014,Nick Boyle86
1269,59,18,23,153,8.5,25,1,0,0,0,0,0,11,17.3,1.6,0.6%,2015,Nick Boyle86
1270,87,6,6,44,7.3,20,1,0,0,0,0,0,6,4.4,0.7,0.6%,2016,Nick Boyle86
1271,55,28,37,203,7.3,16,0,0,0,0,0,0,15,22.3,1.5,0.6%,2017,Nick Boyle86
1272,58,23,37,213,9.3,25,1,0,0,0,0,0,16,21.3,1.3,0.6%,2018,Nick Boyle86
1273,38,31,43,321,10.4,35,4,2,0,0,0,0,16,44.1,2.8,0.6%,2019,Nick Boyle86
1274,347,0,0,0,0.0,0,0,0,0,0,0,0,11,0.0,0.0,0.0%,2013,Kyle Nelson86
1275,339,0,0,0,0.0,0,0,0,0,0,0,0,16,0.0,0.0,0.0%,2014,Kyle Nelson86
1276,321,0,0,0,0.0,0,0,0,0,0,0,0,16,0.0,0.0,0.0%,2015,Kyle Nelson86
1277,311,0,0,0,0.0,0,0,0,0,0,0,0,16,0.0,0.0,0.0%,2016,Kyle Nelson86
1278,302,0,0,0,0.0,0,0,0,0,0,0,0,16,0.0,0.0,0.0%,2017,Kyle Nelson86
1279,285,0,0,0,0.0,0,0,0,0,0,0,0,12,0.0,0.0,0.0%,2018,Kyle Nelson86
1280,269,0,0,0,0.0,0,0,0,0,0,0,0,11,0.0,0.0,0.0%,2019,Kyle Nelson86
1281,349,0,0,0,0.0,0,0,0,0,0,0,0,0,0.0,0.0,0.2%,2013,Tyler Kroft81
1282,328,0,0,0,0.0,0,0,0,0,0,0,0,0,0.0,0.0,0.2%,2014,Tyler Kroft81
1283,56,11,15,129,11.7,22,2,1,0,0,0,0,16,18.9,1.2,0.2%,2015,Tyler Kroft81
1284,76,10,12,92,9.2,21,1,0,0,0,0,0,14,9.2,0.7,0.2%,2016,Tyler Kroft81
1285,11,42,62,404,9.6,59,4,7,0,0,0,0,16,82.4,5.2,0.2%,2017,Tyler Kroft81
1286,101,4,6,36,9.0,16,0,0,0,0,0,0,5,3.6,0.7,0.2%,2018,Tyler Kroft81
1287,73,6,14,71,11.8,20,1,1,0,0,0,0,12,13.1,1.1,0.2%,2019,Tyler Kroft81
1288,350,0,0,0,0.0,0,0,0,0,0,0,0,0,0.0,0.0,0.1%,2013,Maxx Williams87
1289,340,0,0,0,0.0,0,0,0,0,0,0,0,0,0.0,0.0,0.1%,2014,Maxx Williams87
1290,43,32,48,268,8.4,28,2,1,0,0,0,0,14,32.8,2.3,0.1%,2015,Maxx Williams87
1291,317,0,0,0,0.0,0,0,0,0,0,0,0,4,0.0,0.0,0.1%,2016,Maxx Williams87
1292,69,15,18,86,5.7,17,0,1,2,6,0,1,11,13.2,1.2,0.1%,2017,Maxx Williams87
1293,59,16,17,143,8.9,25,3,1,3,8,0,0,13,21.1,1.6,0.1%,2018,Maxx Williams87
1294,48,15,19,202,13.5,28,5,1,0,0,0,0,16,26.2,1.6,0.1%,2019,Maxx Williams87
1295,352,0,0,0,0.0,0,0,0,0,0,0,0,0,0.0,0.0,0.0%,2013,Nick O'Leary86
1296,342,0,0,0,0.0,0,0,0,0,0,0,0,0,0.0,0.0,0.0%,2014,Nick O'Leary86
1297,88,1,3,37,37.0,37,1,0,0,0,0,0,4,3.7,0.9,0.0%,2015,Nick O'Leary86
1298,67,9,14,114,12.7,28,2,0,0,0,0,0,16,13.4,0.8,0.0%,2016,Nick O'Leary86
1299,32,22,32,322,14.6,32,7,2,0,0,0,1,15,42.2,2.8,0.0%,2017,Nick O'Leary86
1300,68,8,10,86,10.8,19,0,1,0,0,0,0,12,14.6,1.2,0.0%,2018,Nick O'Leary86
1301,62,13,18,109,8.4,19,0,1,0,0,0,0,10,16.9,1.7,0.0%,2019,Nick O'Leary86
1302,354,0,0,0,0.0,0,0,0,0,0,0,0,0,0.0,0.0,0.1%,2013,Jesse James83
1303,333,0,0,0,0.0,0,0,0,0,0,0,0,0,0.0,0.0,0.1%,2014,Jesse James83
1304,66,8,11,56,7.0,20,1,1,0,0,0,0,8,13.6,1.7,0.1%,2015,Jesse James83
1305,30,39,60,338,8.7,24,2,3,0,0,0,0,16,51.8,3.2,0.1%,2016,Jesse James83
1306,26,43,63,372,8.7,32,1,3,0,0,0,0,16,55.2,3.5,0.1%,2017,Jesse James83
1307,21,30,39,423,14.1,51,8,2,0,0,0,0,16,54.3,3.4,0.1%,2018,Jesse James83
1308,69,16,27,142,8.9,23,1,0,0,0,0,0,16,14.2,0.9,0.1%,2019,Jesse James83
1309,355,0,0,0,0.0,0,0,0,0,0,0,0,0,0.0,0.0,97.5%,2013,Darren Waller83
1310,344,0,0,0,0.0,0,0,0,0,0,0,0,0,0.0,0.0,97.5%,2014,Darren Waller83
1311,334,2,6,18,9.0,17,0,0,0,0,0,0,6,0.0,0.0,97.5%,2015,Darren Waller83
1312,54,10,17,85,8.5,15,0,2,0,0,0,0,12,20.5,1.7,97.5%,2016,Darren Waller83
1313,295,0,0,0,0.0,0,0,0,0,0,0,0,0,0.0,0.0,97.5%,2017,Darren Waller83
1314,77,6,6,75,12.5,44,1,0,1,21,0,0,4,9.6,2.4,97.5%,2018,Darren Waller83
1315,4,90,117,1145,12.7,75,14,3,2,5,0,1,16,131.0,8.2,97.5%,2019,Darren Waller83
1316,356,0,0,0,0.0,0,0,0,0,0,0,0,0,0.0,0.0,0.0%,2013,Khari Lee86
1317,348,0,0,0,0.0,0,0,0,0,0,0,0,0,0.0,0.0,0.0%,2014,Khari Lee86
1318,99,1,3,7,7.0,7,0,0,0,0,0,0,16,0.7,0.0,0.0%,2015,Khari Lee86
1319,322,0,1,0,0.0,0,0,0,0,0,0,0,8,0.0,0.0,0.0%,2016,Khari Lee86
1320,298,0,0,0,0.0,0,0,0,0,0,0,0,8,0.0,0.0,0.0%,2017,Khari Lee86
1321,116,1,1,5,5.0,5,0,0,0,0,0,0,2,0.5,0.3,0.0%,2018,Khari Lee86
1322,268,0,0,0,0.0,0,0,0,0,0,0,0,1,0.0,0.0,0.0%,2019,Khari Lee86
1323,357,0,0,0,0.0,0,0,0,0,0,0,0,0,0.0,0.0,0.0%,2013,Eric Tomlinson83
1324,346,0,0,0,0.0,0,0,0,0,0,0,0,0,0.0,0.0,0.0%,2014,Eric Tomlinson83
1325,330,0,0,0,0.0,0,0,0,0,0,0,0,0,0.0,0.0,0.0%,2015,Eric Tomlinson83
1326,315,0,0,0,0.0,0,0,0,0,0,0,0,7,0.0,0.0,0.0%,2016,Eric Tomlinson83
1327,62,8,11,121,15.1,34,4,1,0,0,0,0,14,18.1,1.3,0.0%,2017,Eric Tomlinson83
1328,84,8,14,72,9.0,24,1,0,0,0,0,0,15,7.2,0.5,0.0%,2018,Eric Tomlinson83
1329,119,1,1,1,1.0,1,0,0,0,0,0,0,8,0.1,0.0,0.0%,2019,Eric Tomlinson83
1330,358,0,0,0,0.0,0,0,0,0,0,0,0,0,0.0,0.0,0.0%,2013,Daniel Brown87
1331,347,0,0,0,0.0,0,0,0,0,0,0,0,0,0.0,0.0,0.0%,2014,Daniel Brown87
1332,331,6,11,64,10.7,31,1,0,0,0,0,0,6,0.0,0.0,0.0%,2015,Daniel Brown87
1333,58,16,20,124,7.8,12,0,1,0,0,0,0,8,18.4,2.3,0.0%,2016,Daniel Brown87
1334,70,13,20,129,9.9,17,0,0,0,0,0,0,14,12.9,0.9,0.0%,2017,Daniel Brown87
1335,119,0,0,0,0.0,0,0,0,0,0,0,0,14,0.0,0.0,0.0%,2018,Daniel Brown87
1336,72,7,11,72,10.3,24,2,1,0,0,0,0,16,13.2,0.8,0.0%,2019,Daniel Brown87
1337,359,0,0,0,0.0,0,0,0,0,0,0,0,0,0.0,0.0,0.1%,2013,James O'Shaughnessy80
1338,349,0,0,0,0.0,0,0,0,0,0,0,0,0,0.0,0.0,0.1%,2014,James O'Shaughnessy80
1339,80,6,9,87,14.5,30,2,0,0,0,0,0,7,8.7,1.2,0.1%,2015,James O'Shaughnessy80
1340,330,2,3,-1,-0.5,0,0,0,0,0,0,0,16,-0.1,-0.0,0.1%,2016,James O'Shaughnessy80
1341,57,14,24,149,10.6,29,1,1,0,0,0,0,16,20.9,1.3,0.1%,2017,James O'Shaughnessy80
1342,57,24,38,214,8.9,17,0,0,0,0,0,0,14,21.4,1.5,0.1%,2018,James O'Shaughnessy80
1343,46,14,20,153,10.9,35,1,2,0,0,0,0,5,27.3,5.5,0.1%,2019,James O'Shaughnessy80
1344,360,0,0,0,0.0,0,0,0,0,0,0,0,0,0.0,0.0,0.3%,2013,Matt LaCosse83
1345,350,0,0,0,0.0,0,0,0,0,0,0,0,0,0.0,0.0,0.3%,2014,Matt LaCosse83
1346,93,3,3,22,7.3,10,0,0,0,0,0,0,2,2.2,1.1,0.3%,2015,Matt LaCosse83
1347,314,0,0,0,0.0,0,0,0,0,0,0,0,0,0.0,0.0,0.3%,2016,Matt LaCosse83
1348,297,0,1,0,0.0,0,0,0,0,0,0,0,5,0.0,0.0,0.3%,2017,Matt LaCosse83
1349,40,24,37,250,10.4,44,1,1,0,0,0,0,15,31.0,2.1,0.3%,2018,Matt LaCosse83
1350,57,13,19,131,10.1,24,3,1,0,0,0,0,12,19.1,1.6,0.3%,2019,Matt LaCosse83
1351,361,0,0,0,0.0,0,0,0,0,0,0,0,0,0.0,0.0,0.0%,2013,Xavier Grimble85
1352,352,0,0,0,0.0,0,0,0,0,0,0,0,0,0.0,0.0,0.0%,2014,Xavier Grimble85
1353,343,0,0,0,0.0,0,0,0,0,0,0,0,0,0.0,0.0,0.0%,2015,Xavier Grimble85
1354,48,11,21,118,10.7,20,2,2,0,0,0,0,13,23.8,1.8,0.0%,2016,Xavier Grimble85
1355,78,5,9,32,6.4,12,0,1,0,0,0,0,15,9.2,0.6,0.0%,2017,Xavier Grimble85
1356,87,6,8,86,14.3,23,2,0,0,0,0,1,16,6.6,0.4,0.0%,2018,Xavier Grimble85
1357,118,1,3,3,3.0,3,0,0,0,0,0,0,3,0.3,0.1,0.0%,2019,Xavier Grimble85
1358,362,0,0,0,0.0,0,0,0,0,0,0,0,0,0.0,0.0,0.7%,2013,Trey Burton80
1359,106,0,0,0,0.0,0,0,0,5,10,0,0,15,1.0,0.1,0.7%,2014,Trey Burton80
1360,87,3,4,54,18.0,43,1,0,0,0,0,0,16,5.4,0.3,0.7%,2015,Trey Burton80
1361,39,37,60,327,8.8,32,1,1,0,0,0,0,15,38.7,2.6,0.7%,2016,Trey Burton80
1362,24,23,31,248,10.8,27,2,5,0,0,0,0,15,56.8,3.8,0.7%,2017,Trey Burton80
1363,6,54,76,569,10.5,47,7,6,1,2,0,1,16,93.1,5.8,0.7%,2018,Trey Burton80
1364,83,14,24,84,6.0,16,0,0,0,0,0,0,9,8.4,0.9,0.7%,2019,Trey Burton80
1365,363,0,0,0,0.0,0,0,0,0,0,0,0,0,0.0,0.0,0.0%,2013,Richard Rodgers82
1366,42,20,30,225,11.3,43,3,2,0,0,0,0,16,54.5,3.4,0.0%,2014,Richard Rodgers82
1367,9,58,85,510,8.8,61,6,8,1,11,0,0,16,102.1,6.4,0.0%,2015,Richard Rodgers82
1368,37,30,47,271,9.0,22,2,2,0,0,0,0,16,39.1,2.4,0.0%,2016,Richard Rodgers82
1369,56,12,19,160,13.3,36,3,1,0,0,0,0,15,22.0,1.5,0.0%,2017,Richard Rodgers82
1370,114,1,1,7,7.0,7,0,0,0,0,0,0,7,0.7,0.1,0.0%,2018,Richard Rodgers82
1371,275,0,0,0,0.0,0,0,0,0,0,0,0,2,0.0,0.0,0.0%,2019,Richard Rodgers82
1372,364,0,0,0,0.0,0,0,0,0,0,0,0,0,0.0,0.0,2.2%,2013,Cameron Brate84
1373,102,1,1,17,17.0,17,0,0,0,0,0,0,5,2.7,0.5,2.2%,2014,Cameron Brate84
1374,35,23,30,288,12.5,46,5,3,0,0,0,0,14,46.8,3.3,2.2%,2015,Cameron Brate84
1375,6,57,81,660,11.6,38,5,8,0,0,0,0,15,114.0,7.6,2.2%,2016,Cameron Brate84
1376,8,48,77,591,12.3,35,5,6,0,0,0,0,16,95.1,5.9,2.2%,2017,Cameron Brate84
1377,18,30,49,289,9.6,21,2,6,0,0,0,1,16,62.9,3.9,2.2%,2018,Cameron Brate84
1378,24,36,55,311,8.6,37,1,4,0,0,0,0,16,55.1,3.4,2.2%,2019,Cameron Brate84
1379,365,0,0,0,0.0,0,0,0,0,0,0,0,0,0.0,0.0,1.3%,2013,Darren Fells87
1380,81,5,11,71,14.2,24,1,0,0,0,0,0,10,12.1,1.2,1.3%,2014,Darren Fells87
1381,33,21,28,311,14.8,48,4,3,0,0,0,0,14,49.1,3.5,1.3%,2015,Darren Fells87
1382,52,14,18,154,11.0,37,2,1,0,0,0,0,14,21.4,1.5,1.3%,2016,Darren Fells87
1383,36,17,26,177,10.4,23,3,3,0,0,0,0,16,35.7,2.2,1.3%,2017,Darren Fells87
1384,43,11,12,117,10.6,49,1,3,0,0,0,0,16,29.7,1.9,1.3%,2018,Darren Fells87
1385,13,34,48,341,10.0,24,2,7,0,0,0,0,16,76.1,4.8,1.3%,2019,Darren Fells87
1386,367,0,0,0,0.0,0,0,0,0,0,0,0,0,0.0,0.0,0.0%,2013,Jake Bargas40
1387,361,0,0,0,0.0,0,0,0,0,0,0,0,0,0.0,0.0,0.0%,2014,Jake Bargas40
1388,347,0,0,0,0.0,0,0,0,0,0,0,0,0,0.0,0.0,0.0%,2015,Jake Bargas40
1389,329,0,0,0,0.0,0,0,0,0,0,0,0,0,0.0,0.0,0.0%,2016,Jake Bargas40
1390,310,0,0,0,0.0,0,0,0,0,0,0,0,0,0.0,0.0,0.0%,2017,Jake Bargas40
1391,290,0,0,0,0.0,0,0,0,0,0,0,0,0,0.0,0.0,0.0%,2018,Jake Bargas40
1392,278,0,0,0,0.0,0,0,0,0,0,0,0,0,0.0,0.0,0.0%,2019,Jake Bargas40
1393,128,0,0,0,0.0,0,0,0,0,0,0,0,2,0.0,0.0,0.0%,2014,Patrick Scales48
1394,134,0,0,0,0.0,0,0,0,0,0,0,0,5,0.0,0.0,0.0%,2015,Patrick Scales48
1395,124,0,0,0,0.0,0,0,0,0,0,0,0,16,0.0,0.0,0.0%,2016,Patrick Scales48
1396,154,0,0,0,0.0,0,0,0,0,0,0,0,16,0.0,0.0,0.0%,2018,Patrick Scales48
1397,158,0,0,0,0.0,0,0,0,0,0,0,0,16,0.0,0.0,0.0%,2019,Patrick Scales48
